ch0_mean,ch0_std,ch0_rms,ch0_min,ch0_max,ch0_ptp,ch0_abs_mean,ch0_skew,ch0_kurt,ch1_mean,ch1_std,ch1_rms,ch1_min,ch1_max,ch1_ptp,ch1_abs_mean,ch1_skew,ch1_kurt,ch2_mean,ch2_std,ch2_rms,ch2_min,ch2_max,ch2_ptp,ch2_abs_mean,ch2_skew,ch2_kurt,ch3_mean,ch3_std,ch3_rms,ch3_min,ch3_max,ch3_ptp,ch3_abs_mean,ch3_skew,ch3_kurt,label,label_name,source_file,start,end,window_index
-0.000537380697409204,0.23245047677027073,0.23245109792973687,-0.8077233787,0.8095842067,1.6173075853999999,0.18371880902560192,-0.023538247942094102,3.13390058499192,-0.0038378608833261217,0.4301959889517215,0.430213107757434,-1.534884093,1.5800866,3.114970693,0.34224354772547466,0.06321740654321405,3.076950168320758,-0.0072505255209860345,0.3930333815792667,0.3931002533145507,-1.550160415,1.411581087,2.9617415019999997,0.30889686450837106,-0.013619197360654981,3.24948571618647,0.000244140625,0.015623092534937653,0.015625,0.0,1.0,1.0,0.000244140625,63.97656010312167,4094.000243152051,0,Pitting_degradation_level_0 (Healthy),V1000_100N_1.txt,0,4096,0
-0.0035950868597435784,0.2574202400414921,0.2574453430003124,-1.432589399,1.490026955,2.922616354,0.19865952492727754,0.23301684416874413,4.810897101122046,-0.007178911019215478,0.4931850091202018,0.4932372552680052,-2.481311588,2.303209001,4.7845205889999995,0.3857026047293176,-0.034193209957055146,3.6822652552760573,-0.008547088352793188,0.4213610756204687,0.4214477533067993,-1.940110594,2.101465133,4.041575727,0.3251711978600803,-0.02098534385438573,4.2220401418149525,0.00048828125,0.02209169145676488,0.02209708691207961,0.0,1.0,1.0,0.00048828125,45.22168161362837,2046.00048814933,0,Pitting_degradation_level_0 (Healthy),V1000_100N_1.txt,4096,8192,1
-0.0022359313523343987,0.4120203425747538,0.41202640945020724,-1.527491624,2.017633702,3.545125326,0.30852633157350917,0.396211057823943,4.599895752725692,-0.005809326180505102,0.663540232826948,0.6635656628026436,-2.849052819,3.251990794,6.101043613,0.5051527844069472,0.0746797495914717,4.100974232974599,-0.0027509043979674318,0.4753622783918793,0.47537023801761646,-2.09977808,1.712599488,3.812377568,0.37172124863552103,-0.005176513320222323,3.360681182033769,0.00048828125,0.02209169145676488,0.02209708691207961,0.0,1.0,1.0,0.00048828125,45.22168161362837,2046.00048814933,0,Pitting_degradation_level_0 (Healthy),V1000_100N_1.txt,8192,12288,2
-0.001102231624720655,0.2792460506811936,0.2792482260205037,-1.033007614,1.705386774,2.7383943879999997,0.21686420086859273,0.13019204876723836,4.172608273755804,-0.0008557606096430425,0.48734708954573935,0.4873478408846436,-2.132640165,2.017397315,4.15003748,0.38836958208228517,-0.03081284062401462,3.267083705856947,-0.003340066599285985,0.4013386514441253,0.40135254974632556,-2.096403975,1.688619239,3.7850232139999997,0.3163638319686921,-0.05770493880999882,3.583679949638099,0.00048828125,0.02209169145676488,0.02209708691207961,0.0,1.0,1.0,0.00048828125,45.22168161362837,2046.00048814933,0,Pitting_degradation_level_0 (Healthy),V1000_100N_1.txt,12288,16384,3
-0.0025754173587135254,0.3903247535505241,0.39033324994016194,-2.030659497,2.070853381,4.101512877999999,0.2938403588975397,0.27601565413778734,4.372068627969377,-0.0002370391076924553,0.6010306335290515,0.6010306802717076,-3.166529804,3.316969398,6.483499202,0.46072643081620657,0.024359254175619884,4.390962281043056,-0.0034458310094020025,0.5005716552953734,0.5005835153463359,-2.640116956,2.481654507,5.121771463,0.37880522830585145,-0.09894094909042002,5.0670742684242835,0.00048828125,0.02209169145676488,0.02209708691207961,0.0,1.0,1.0,0.00048828125,45.22168161362837,2046.00048814933,0,Pitting_degradation_level_0 (Healthy),V1000_100N_1.txt,16384,20480,4
-0.002296898907666968,0.27694061722838753,0.2769501421112333,-1.230627541,1.183982787,2.414610328,0.2145901080075231,-0.1481152721452786,3.812473778792893,0.0007175261167542978,0.4843786967534353,0.48437922820067814,-1.88485038,2.39467345,4.2795238300000005,0.3765168794679198,0.0832028673724787,3.646597834558455,-0.0019718075556653556,0.41684066785466284,0.41684533151105085,-1.683437577,2.008436227,3.691873804,0.32462522402027183,0.0752156388396708,3.5762033512024622,0.00048828125,0.02209169145676488,0.02209708691207961,0.0,1.0,1.0,0.00048828125,45.22168161362837,2046.00048814933,0,Pitting_degradation_level_0 (Healthy),V1000_100N_1.txt,20480,24576,5
0.0002721279131176279,0.2932751867888843,0.293275313041613,-1.189193105,1.111658608,2.300851713,0.22883528495311295,-0.0553118974936062,3.466358215340513,-0.0021838750988173823,0.46720940964615193,0.46721451365764854,-2.01315958,1.845415901,3.858575481,0.36674921859771975,0.014333775550525674,3.3269830707492707,-0.0009534977987210932,0.3962389756174209,0.3962401228502677,-1.629210884,1.596795371,3.2260062549999997,0.31089370836689034,-0.05415588101345626,3.4852859268675913,0.00048828125,0.02209169145676488,0.02209708691207961,0.0,1.0,1.0,0.00048828125,45.22168161362837,2046.00048814933,0,Pitting_degradation_level_0 (Healthy),V1000_100N_1.txt,24576,28672,6
3.1195520468993996e-06,0.260465369195287,0.2604653692139682,-1.024819971,0.9725927337,1.9974127047,0.20399298973245142,-0.045976292568461134,3.3962745475469123,-0.003321306455126439,0.47144791548900605,0.471459614490465,-1.760543485,1.996444069,3.756987554,0.3702195079260354,0.05663696894587837,3.3609252798181455,-0.0024598242611934083,0.4076868092636632,0.40769423000943056,-1.503284451,1.528951752,3.032236203,0.322068225948874,0.04519542750265508,3.2804520284049636,0.000244140625,0.015623092534937653,0.015625,0.0,1.0,1.0,0.000244140625,63.97656010312167,4094.000243152051,0,Pitting_degradation_level_0 (Healthy),V1000_100N_1.txt,28672,32768,7
0.0010028602629333257,0.22987878193138672,0.2298809694406325,-0.8708674733,0.9532401232,1.8241075965,0.18208637470203187,-0.03853941702846069,3.230638952737834,-0.0008261594621998783,0.4310119715761778,0.4310127633625725,-1.527468057,1.646830928,3.174298985,0.34508373491384403,0.0566265752384881,2.9908089940243205,-0.0007948953101465835,0.37729023233099207,0.3772910696941131,-1.534133414,1.523167572,3.057300986,0.29547684637554006,-0.010696105759240484,3.4790730207780314,0.00048828125,0.02209169145676488,0.02209708691207961,0.0,1.0,1.0,0.00048828125,45.22168161362837,2046.00048814933,0,Pitting_degradation_level_0 (Healthy),V1000_100N_1.txt,32768,36864,8
-0.0021876540125953855,0.2666874442511527,0.2666964168324924,-0.8774423987,1.131259329,2.0087017277,0.2105889342187769,0.09755045479970116,3.1389309036463278,-0.0005177327269432845,0.45285239122789295,0.45285268718204286,-1.880612645,1.61905022,3.4996628650000003,0.358918794899766,-0.10561992155676375,3.2632865524526795,0.0025392873141829603,0.39952049879033924,0.3995285683574398,-1.562933814,1.539315076,3.1022488900000003,0.31715872727841943,-0.0399335644715643,3.234753188237927,0.00048828125,0.02209169145676488,0.02209708691207961,0.0,1.0,1.0,0.00048828125,45.22168161362837,2046.00048814933,0,Pitting_degradation_level_0 (Healthy),V1000_100N_1.txt,36864,40960,9
-0.0012739887083889655,0.2934545861044046,0.2934573515060349,-1.62623956,1.021470481,2.647710041,0.22687254155624234,-0.11477829092372137,3.8685211147362253,-0.0007530187587495358,0.48694670180392197,0.486947284041064,-1.813868318,2.279312884,4.093181202,0.3818414940090642,0.16099126838400216,3.5294601911299712,0.0001533069115101315,0.4185671435295278,0.4185671716050811,-1.781527641,2.159427443,3.9409550839999996,0.322364660498815,0.07634942162853965,4.136164220266357,0.00048828125,0.02209169145676488,0.02209708691207961,0.0,1.0,1.0,0.00048828125,45.22168161362837,2046.00048814933,0,Pitting_degradation_level_0 (Healthy),V1000_100N_1.txt,40960,45056,10
-0.001137909608133984,0.24740421949618616,0.2474068363299473,-0.8985317819,0.9012609963,1.7997927782,0.19662339634015674,-0.06269746716216212,3.0717001414051053,0.0007387354839602752,0.44077772206021953,0.4407783411134347,-1.5246429,1.589386075,3.114028975,0.352645765275016,0.011705740483128205,2.9808589905364884,-0.0009869776022880855,0.40373000176095974,0.40373120816539804,-1.734892684,2.019884085,3.7547767690000002,0.3172519294082281,0.022559655576896,3.5805712790900874,0.00048828125,0.02209169145676488,0.02209708691207961,0.0,1.0,1.0,0.00048828125,45.22168161362837,2046.00048814933,0,Pitting_degradation_level_0 (Healthy),V1000_100N_1.txt,45056,49152,11
-0.00022775758632182625,0.2421917226542614,0.24219182974608536,-0.9166438405,0.9672583603,1.8839022008000001,0.1920633684333088,0.05915182766836518,3.1604485053863614,0.0015307530361960225,0.47178563604517254,0.47178811937500703,-2.131463017,1.810219157,3.9416821740000003,0.37832246337176,0.0016864704954385249,2.9961782867691165,-0.001579140627549243,0.407580960469826,0.40758401958691587,-1.658372794,1.545942783,3.204315577,0.31858247218361313,0.015442251626473991,3.5583403109592187,0.00048828125,0.02209169145676488,0.02209708691207961,0.0,1.0,1.0,0.00048828125,45.22168161362837,2046.00048814933,0,Pitting_degradation_level_0 (Healthy),V1000_100N_1.txt,49152,53248,12
0.0003929726958385984,0.25028881882089105,0.2502891273193793,-0.954976896,1.014399335,1.969376231,0.19634378755987933,-0.04374031170277406,3.32107401109103,0.0031640754946229005,0.4649203297454563,0.4649310963834958,-1.805039703,1.763250927,3.56829063,0.3705756126280557,0.0077671763251955205,3.073061575601156,0.00072875945604636,0.4048649880745444,0.40486564395975333,-1.688739743,1.787552829,3.476292572,0.3169253394977613,0.006961272532231781,3.6408531946431215,0.000244140625,0.015623092534937653,0.015625,0.0,1.0,1.0,0.000244140625,63.97656010312167,4094.000243152051,0,Pitting_degradation_level_0 (Healthy),V1000_100N_1.txt,53248,57344,13
-0.0001940482513084472,0.3610891104031253,0.3610891625436081,-1.352821908,1.921739036,3.274560944,0.26868601761149247,0.42218931269095117,4.922127867816363,0.005121200042521288,0.5485121810498902,0.5485360876460026,-2.119691531,2.228813208,4.348504739,0.42981101898623186,0.05142311595835731,3.417400560793057,0.0035220872971830084,0.449677383125173,0.4496911762456905,-1.778756054,1.79080643,3.569562484,0.3507096110780012,-0.03574239600042728,3.568954689401593,0.00048828125,0.02209169145676488,0.02209708691207961,0.0,1.0,1.0,0.00048828125,45.22168161362837,2046.00048814933,0,Pitting_degradation_level_0 (Healthy),V1000_100N_1.txt,57344,61440,14
-0.0004021193444478761,0.2962749796757753,0.2962752525639768,-1.304192272,1.518063429,2.822255701,0.22774344173905792,0.07521174602650259,4.097880693253087,0.005275097278893774,0.5094173097340615,0.5094446212376674,-1.920047124,1.689090563,3.609137687,0.4041083983300444,0.004912019782465285,3.034146028581463,0.0033992005238037844,0.426781722575638,0.4267952592155047,-1.723083315,1.710068909,3.433152224,0.33395644001427194,0.027497804464643543,3.5231043722410993,0.00048828125,0.02209169145676488,0.02209708691207961,0.0,1.0,1.0,0.00048828125,45.22168161362837,2046.00048814933,0,Pitting_degradation_level_0 (Healthy),V1000_100N_1.txt,61440,65536,15
-0.0017258391638520017,0.3290880577475868,0.32909258313261713,-1.231744037,1.234225141,2.465969178,0.25876051163258695,0.05866262177398943,3.343316588053066,0.005102864573886329,0.5501415013372625,0.5501651667640152,-3.158878337,3.128625618,6.287503955,0.4299844874710528,0.07926662141124352,3.9938899089051954,0.004571729210245947,0.41737785710808667,0.41740289447021117,-1.792493483,1.537146008,3.329639491,0.3277140449806367,-0.023470762746869964,3.4143000656346016,0.00048828125,0.02209169145676488,0.02209708691207961,0.0,1.0,1.0,0.00048828125,45.22168161362837,2046.00048814933,0,Pitting_degradation_level_0 (Healthy),V1000_100N_1.txt,65536,69632,16
-0.0017414369230916989,0.2768238726778134,0.2768293501182621,-1.097268205,1.086103238,2.183371443,0.21851280840456738,0.058682240764300585,3.1807672319207256,0.007802230756679636,0.489667913847,0.4897300691769431,-2.016926456,2.409740952,4.426667408,0.38769470461278255,-0.012360379752066358,3.3893034169312317,0.0033144418953361806,0.4125178616158197,0.41253117661234545,-1.587637085,1.753811775,3.34144886,0.32791780695932815,0.06750840977885854,3.283584319374372,0.00048828125,0.02209169145676488,0.02209708691207961,0.0,1.0,1.0,0.00048828125,45.22168161362837,2046.00048814933,0,Pitting_degradation_level_0 (Healthy),V1000_100N_1.txt,69632,73728,17
-0.00055752149437522,0.24094572545130927,0.2409463704716765,-1.062408695,0.9433157076,2.0057244026000003,0.18940290542182225,-0.019294978677066785,3.3518514186867554,0.007386837537824877,0.4591963725396276,0.4592557826771076,-1.765840654,1.94900498,3.714845634,0.3611606365233765,-0.02685523919858439,3.484013281619818,0.004858661144021436,0.40454510561943335,0.40457428127446626,-1.581973408,1.786347791,3.3683211990000004,0.3142550161058605,0.09738651304209889,3.772203216094021,0.00048828125,0.02209169145676488,0.02209708691207961,0.0,1.0,1.0,0.00048828125,45.22168161362837,2046.00048814933,0,Pitting_degradation_level_0 (Healthy),V1000_100N_1.txt,73728,77824,18
-0.0007979390103008308,0.24832557767924,0.2483268596756952,-0.971476237,0.8135539729,1.7850302099,0.19726884074352335,-0.04233263227251463,3.1323896324669627,0.003303976849258396,0.4362145463557881,0.4362270586694576,-1.939234646,1.483089554,3.4223242000000003,0.34799970679248654,-0.06340973373295158,3.0987030867896994,0.003142041492061524,0.3787700061816025,0.3787830381729745,-1.904923495,1.66560302,3.570526515,0.2996253119998581,-0.015324906083970738,3.4198873961229,0.00048828125,0.02209169145676488,0.02209708691207961,0.0,1.0,1.0,0.00048828125,45.22168161362837,2046.00048814933,0,Pitting_degradation_level_0 (Healthy),V1000_100N_1.txt,77824,81920,19
-0.0023619551963825684,0.3087645813485749,0.308773615336075,-1.261393229,1.026556744,2.287949973,0.24559560830096805,-0.0850812071886685,3.0864958703838132,0.0029428140852378183,0.49907464663344664,0.4990833227698957,-1.905332766,1.710396953,3.615729719,0.3972477715165956,-0.0621049210485723,3.053931659463825,-0.0017145896831743412,0.3870214482051734,0.38702524619023415,-1.484244856,1.717419638,3.201664494,0.30485616384547054,0.05143485128251623,3.4161655479507096,0.00048828125,0.02209169145676488,0.02209708691207961,0.0,1.0,1.0,0.00048828125,45.22168161362837,2046.00048814933,1,Pitting_degradation_level_1,V1000_100N_1.txt,0,4096,0
0.0018875712790453372,0.2984281858068192,0.2984341552324111,-1.11314727,1.101982303,2.215129573,0.23789434292421657,-0.14283344329787487,3.100932701784317,0.002851797736442385,0.456553668313905,0.45656257490207486,-1.659897277,1.569021403,3.22891868,0.3643241372380123,0.004523091633472764,2.961620370579362,-0.0021685087667528066,0.38318840044927727,0.3831945363247591,-1.757547392,2.009761769,3.767309161,0.3000262753284861,0.09660847104313754,3.7277303696964523,0.00048828125,0.02209169145676488,0.02209708691207961,0.0,1.0,1.0,0.00048828125,45.22168161362837,2046.00048814933,1,Pitting_degradation_level_1,V1000_100N_1.txt,4096,8192,1
0.002384579520846387,0.30513450486496424,0.30514382228496467,-1.028417572,1.071960945,2.1003785170000002,0.2434473272746548,-0.0009228338015541875,3.0222579709409265,0.0007881665285161618,0.47085644531981025,0.4708571049752612,-1.678967085,1.787853333,3.466820418,0.3728536366267831,-0.06382281874593734,3.192844312338555,-0.004156526667486963,0.37729431698121535,0.37731721182614947,-1.691752337,1.636079598,3.327831935,0.29376490447955694,0.0026861113135219173,3.548514319926179,0.00048828125,0.02209169145676488,0.02209708691207961,0.0,1.0,1.0,0.00048828125,45.22168161362837,2046.00048814933,1,Pitting_degradation_level_1,V1000_100N_1.txt,8192,12288,2
-0.0009654862123881356,0.31344692381918876,0.3134484107717546,-1.49945515,1.147634615,2.647089765,0.24396562721646764,-0.17902635562038013,3.68487207941158,-0.0010586290716168437,0.5123362826002972,0.5123373763099885,-2.003036102,2.144529367,4.147565469,0.4104923029430523,-0.06279470724268657,3.0844406348869837,-0.003516144484927026,0.3930979755992532,0.3931137007180874,-1.564982378,1.5657054,3.130687778,0.3077374276616579,0.14518985017223174,3.570653564301227,0.00048828125,0.02209169145676488,0.02209708691207961,0.0,1.0,1.0,0.00048828125,45.22168161362837,2046.00048814933,1,Pitting_degradation_level_1,V1000_100N_1.txt,12288,16384,3
-0.0013905327496521243,0.27444882929760495,0.27445235193773393,-1.097516316,0.9603112694,2.0578275854,0.21628514538018773,-0.0947071251181122,3.1810536396632143,0.0010604396277367676,0.4376648462071837,0.4376661309008978,-1.515461141,1.463784316,2.979245457,0.3490093071632585,-0.031054896817379714,2.965146173202366,-0.0023411739498979257,0.3742681103691313,0.37427543271599323,-1.500994879,1.463518209,2.9645130880000004,0.2953371902795884,-0.002227233978553817,3.3988978728321926,0.00048828125,0.02209169145676488,0.02209708691207961,0.0,1.0,1.0,0.00048828125,45.22168161362837,2046.00048814933,1,Pitting_degradation_level_1,V1000_100N_1.txt,16384,20480,4
-0.003847679714402979,0.29618493972752147,0.29620993089459396,-0.9656456428,1.215616862,2.1812625048000003,0.23580127494129166,0.009473327435234227,3.015326370521995,-0.0012304881722267585,0.46434562395068235,0.4643472543079053,-1.603158714,1.480852971,3.084011685,0.36682008892301043,-0.060456124538590894,3.084571955540119,-0.003887482009507838,0.3901568292473564,0.3901761959996087,-1.623065192,1.368199732,2.991264924,0.30846645189579447,0.012653681651999206,3.3391780440806187,0.00048828125,0.02209169145676488,0.02209708691207961,0.0,1.0,1.0,0.00048828125,45.22168161362837,2046.00048814933,1,Pitting_degradation_level_1,V1000_100N_1.txt,20480,24576,5
-0.003140995172271094,0.29278712101679266,0.2928039686957371,-1.201598625,0.9727167889,2.1743154139,0.22970715431674,-0.11175681670788733,3.334984562040551,-0.0023662526664041017,0.5015978256896938,0.5016034069743842,-1.912395658,2.021517335,3.933912993,0.39985330493478777,-0.04469485953927785,3.059509714011517,-0.0049497450447382315,0.3807459427615541,0.38077811505572706,-1.632343981,1.81322013,3.445564111,0.2950251926212365,0.08565017186428557,4.031235124478927,0.000244140625,0.015623092534937653,0.015625,0.0,1.0,1.0,0.000244140625,63.97656010312167,4094.000243152051,1,Pitting_degradation_level_1,V1000_100N_1.txt,24576,28672,6
-0.0006970835903498047,0.28031898925744597,0.2803198559928427,-1.057446488,1.187332277,2.2447787650000004,0.2232107326271347,-0.03486045063031119,3.1638111564994373,-0.0017795176498746586,0.4467318954818807,0.4467354397447109,-1.989616607,1.780672726,3.770289333,0.35788496756863725,-0.029119397845604418,3.1331337180035375,-0.003961649486910839,0.3633304135206108,0.36335201121738026,-1.627282823,1.335543212,2.962826035,0.2860007669703225,-0.020523243874350543,3.3453517922850144,0.00048828125,0.02209169145676488,0.02209708691207961,0.0,1.0,1.0,0.00048828125,45.22168161362837,2046.00048814933,1,Pitting_degradation_level_1,V1000_100N_1.txt,28672,32768,7
-0.00040626865043833025,0.3092827987988348,0.3092830656325316,-1.342897493,1.178028138,2.520925631,0.24460801264168647,-0.05091506665485004,3.2508558072291414,-0.0037557248792917976,0.49459551607105867,0.49460977546644364,-1.73017305,1.968663362,3.6988364120000004,0.39455757306542283,0.049107576532417964,2.9441992274829434,-0.0015945860570333015,0.3887647504508382,0.3887680206727346,-1.543050693,1.713563518,3.256614211,0.3037128196643879,0.11334750251691482,3.6390704939296805,0.00048828125,0.02209169145676488,0.02209708691207961,0.0,1.0,1.0,0.00048828125,45.22168161362837,2046.00048814933,1,Pitting_degradation_level_1,V1000_100N_1.txt,32768,36864,8
-0.0017466765597948489,0.28160617704854557,0.28161159392131097,-1.075310436,1.043924471,2.119234907,0.2244406538767257,-0.13753738752869496,3.117310900073865,-0.0029262604348341548,0.4491182241076735,0.4491277571312676,-1.517109149,1.667195599,3.1843047479999997,0.3612870305579481,0.01954303922618756,2.861313875281793,-0.0003046426934663834,0.3737739074078322,0.37377403155662037,-1.709586894,1.54618379,3.255770684,0.2944614491827934,0.04177438266928158,3.512615447989691,0.00048828125,0.02209169145676488,0.02209708691207961,0.0,1.0,1.0,0.00048828125,45.22168161362837,2046.00048814933,1,Pitting_degradation_level_1,V1000_100N_1.txt,36864,40960,9
0.0006887244012174082,0.2905016866170719,0.29050250303338915,-0.9182565581,0.9405864933,1.8588430514,0.23431234001142107,-0.021175068100622384,2.7478688055720695,-0.0026489005366144326,0.4444282153348867,0.4444361093113444,-1.526055479,1.420465247,2.946520726,0.35825958017363113,0.0050002753119170445,2.8120267353284008,-0.0006798342210239505,0.36872002150661376,0.36872064823441303,-1.662108411,1.43857393,3.1006823409999997,0.289759654754473,-0.0048962175345259994,3.4101965376966055,0.00048828125,0.02209169145676488,0.02209708691207961,0.0,1.0,1.0,0.00048828125,45.22168161362837,2046.00048814933,1,Pitting_degradation_level_1,V1000_100N_1.txt,40960,45056,10
0.0002235477050428707,0.3165292972703426,0.31652937621022376,-1.298237622,1.336694733,2.634932355,0.24809237054725317,-0.0668019693151897,3.4710312015478744,-0.00190398617457251,0.49131197359117124,0.4913156628455933,-1.814456892,1.758424617,3.572881509,0.39072186760607436,0.025963278047698504,3.099805521772853,-0.0020257047455275153,0.38750380036363985,0.3875090950880762,-1.736459233,1.991806708,3.728265941,0.3008829817717229,0.13473572170128195,3.939493846116787,0.00048828125,0.02209169145676488,0.02209708691207961,0.0,1.0,1.0,0.00048828125,45.22168161362837,2046.00048814933,1,Pitting_degradation_level_1,V1000_100N_1.txt,45056,49152,11
0.0018518630078602056,0.3076114371518076,0.3076170113358498,-0.982889315,1.015887997,1.998777312,0.24434063977390674,-0.18046811438981447,3.0113953299444485,-0.0009216303536869661,0.47042699622503864,0.4704278990236669,-1.559957359,1.794916225,3.354873584,0.37453337253689517,-0.015295495824988516,3.0380180412752265,5.0955205361034265e-05,0.3646513037012653,0.3646513072614239,-1.479665713,1.470989442,2.9506551549999998,0.28673164465543777,-0.05764520691626834,3.4917741705415346,0.00048828125,0.02209169145676488,0.02209708691207961,0.0,1.0,1.0,0.00048828125,45.22168161362837,2046.00048814933,1,Pitting_degradation_level_1,V1000_100N_1.txt,49152,53248,12
0.0005565523134443118,0.29447388225266546,0.29447440819099086,-0.9956670001,1.142176186,2.1378431861,0.23212277792328054,-0.027555092953117033,3.198037116720994,-0.0003216179271194059,0.4632469218329298,0.4632470334775773,-1.641886903,1.532058937,3.17394584,0.3679720334640788,-0.05110300742297003,3.024448840560211,0.0017637796954458255,0.3815633429686129,0.381567419489921,-1.448214231,1.60667668,3.054890911,0.2985005905932385,0.09736745130318951,3.598714065768031,0.000244140625,0.015623092534937653,0.015625,0.0,1.0,1.0,0.000244140625,63.97656010312167,4094.000243152051,1,Pitting_degradation_level_1,V1000_100N_1.txt,53248,57344,13
-1.0963862722118906e-05,0.2954193997032112,0.2954193999066614,-1.180013021,1.013655003,2.193668024,0.23391788325677934,-0.05170186191623714,3.2885849881857103,0.0019043597787109863,0.5037767907366919,0.5037803901216554,-2.011393857,1.753716023,3.76510988,0.40150642854834073,-0.011577611681845347,3.009704562485674,0.0040468199933819836,0.39007892166373564,0.3900999126869956,-1.494849187,1.757306384,3.2521555710000003,0.30232111299199976,0.050805141956980306,3.780037415954083,0.00048828125,0.02209169145676488,0.02209708691207961,0.0,1.0,1.0,0.00048828125,45.22168161362837,2046.00048814933,1,Pitting_degradation_level_1,V1000_100N_1.txt,57344,61440,14
0.0008665691551825432,0.2846027677915974,0.28460408706963186,-1.086351348,0.9672583603,2.0536097083,0.2249940866375791,-0.037024050130355715,3.1354757306837255,0.0002087312121577159,0.4524777917207177,0.4524778398653089,-1.519816591,1.602570139,3.12238673,0.3607272814430682,0.01894682410901325,2.9413443793202947,0.003030422527273437,0.36206617384523926,0.3620788556428348,-1.316744625,1.958909181,3.2756538060000002,0.2828212151523257,0.08609739306324075,3.5926354214917415,0.00048828125,0.02209169145676488,0.02209708691207961,0.0,1.0,1.0,0.00048828125,45.22168161362837,2046.00048814933,1,Pitting_degradation_level_1,V1000_100N_1.txt,61440,65536,15
-0.00012547868063415537,0.30683151579945145,0.3068315414566897,-1.115380264,1.102354468,2.217734732,0.24549787243219917,-0.011023487699900959,3.0631943314411854,0.0006512540282707265,0.46724110526749124,0.4672415591355249,-1.800095679,1.951947851,3.75204353,0.37296600603884145,-0.01326923077762513,3.084106287897621,0.0011399020557248773,0.38567812721900313,0.3856798117504392,-1.398325673,1.844069094,3.242394767,0.30224697493523167,0.024866655311758485,3.584016458564963,0.00048828125,0.02209169145676488,0.02209708691207961,0.0,1.0,1.0,0.00048828125,45.22168161362837,2046.00048814933,1,Pitting_degradation_level_1,V1000_100N_1.txt,65536,69632,16
-0.0016987020891347897,0.30158401538585505,0.30158879940250316,-1.281118005,1.222812063,2.503930068,0.2391005495211579,-0.14625180796818046,3.2056154542244117,-0.00033176278627121614,0.4702530419327618,0.4702531589618109,-1.651304092,1.393155399,3.044459491,0.37980803873184094,-0.023802721955006934,2.7218345478406745,0.0021676850108514655,0.38613593518232164,0.3861420195956824,-1.530397797,1.542689181,3.073086978,0.29752305676532265,0.09780777513281026,3.8420506328883515,0.00048828125,0.02209169145676488,0.02209708691207961,0.0,1.0,1.0,0.00048828125,45.22168161362837,2046.00048814933,1,Pitting_degradation_level_1,V1000_100N_1.txt,69632,73728,17
-0.0012430960570849118,0.29067556303431447,0.2906782211193726,-0.9461689771,1.013034728,1.9592037051000002,0.23079808892298667,0.004791913443657371,3.02125546378091,0.0008416785112589853,0.4542459011607913,0.4542466809389978,-1.626583971,1.765958368,3.3925423390000002,0.36079125441126514,-0.004645543307790866,3.1026261135440043,-0.0007729186711238269,0.3736788550438473,0.3736796543968548,-1.459421081,1.486775435,2.9461965159999997,0.29403024223474283,0.02988061138005577,3.439715322444934,0.00048828125,0.02209169145676488,0.02209708691207961,0.0,1.0,1.0,0.00048828125,45.22168161362837,2046.00048814933,1,Pitting_degradation_level_1,V1000_100N_1.txt,73728,77824,18
8.91949580584955e-05,0.2869062482893333,0.2869062621540372,-1.222315843,0.9902085715,2.2125244145,0.22715460357648887,0.03600516547045846,3.1343555671143517,0.004109214333611305,0.46498980856163474,0.46500796520987175,-1.536296672,1.726877034,3.263173706,0.3722363520720987,-0.010259733067303706,2.935486452492289,0.004011869196320484,0.3885576341693682,0.38857834495214083,-1.542930189,1.632464485,3.175394674,0.30429759830543396,0.06390666156612516,3.51806519860122,0.00048828125,0.02209169145676488,0.02209708691207961,0.0,1.0,1.0,0.00048828125,45.22168161362837,2046.00048814933,1,Pitting_degradation_level_1,V1000_100N_1.txt,77824,81920,19
0.0017991940663874269,0.3700393650754511,0.37004373904274,-1.619168413,1.757489956,3.376658369,0.2884163059354308,0.01346024673625559,3.874137089671266,-0.0022179882700909172,0.49992554451354826,0.4999304646939752,-2.462594925,2.590315551,5.052910476,0.38404815911930346,0.05372630205054635,4.397182047040559,0.0031226537992953374,0.41677833551888005,0.41679003337968434,-1.858409042,1.753450264,3.611859306,0.32115203254007574,-0.036845598741435906,3.8556165966435167,0.00048828125,0.02209169145676488,0.02209708691207961,0.0,1.0,1.0,0.00048828125,45.22168161362837,2046.00048814933,2,Pitting_degradation_level_2,V1000_100N_2.txt,0,4096,0
0.0017071824240212652,0.37370385591692157,0.3737077553369801,-1.887996022,1.520792643,3.4087886650000003,0.2842466460493617,-0.1676461543145461,4.523106394971987,-0.003673014091756688,0.5497448103107162,0.5497570804419745,-2.804792031,2.600439029,5.40523106,0.4222822971021854,-0.008880840208429086,4.432394215003929,2.8890305941698356e-05,0.49038951487173,0.490389515722737,-2.989457367,2.770140517,5.759597884,0.3581806678996052,-0.06843957824866789,6.5288022195927224,0.00048828125,0.02209169145676488,0.02209708691207961,0.0,1.0,1.0,0.00048828125,45.22168161362837,2046.00048814933,2,Pitting_degradation_level_2,V1000_100N_2.txt,4096,8192,1
0.0021989207440530996,0.3851886491585845,0.38519492558061263,-1.606638839,2.140448345,3.7470871839999997,0.2956073276885048,-0.005204876194516348,4.125512928445859,-0.004852203187066527,0.5262621143706531,0.5262844828585002,-2.598908736,3.010322181,5.609230917,0.398092841229043,0.029024753281116842,5.217368537787116,0.001598616579953223,0.38376436757253873,0.38376769717280834,-1.971080061,1.554739558,3.525819619,0.29766947943190125,-0.12022623030620823,3.8772883639069016,0.00048828125,0.02209169145676488,0.02209708691207961,0.0,1.0,1.0,0.00048828125,45.22168161362837,2046.00048814933,2,Pitting_degradation_level_2,V1000_100N_2.txt,8192,12288,2
0.0012300121110031983,0.3716406213129299,0.37164265678155645,-2.211283862,1.727096434,3.938380296,0.2859027647388979,-0.09981754608131678,4.4296107017632105,-0.0017550320416550031,0.5450639612356953,0.5450667867109634,-2.535224995,3.033865153,5.569090148,0.41727504711901453,-0.025184536112738423,4.705615658242917,0.0039316118065200675,0.4572228289592366,0.45723973240837734,-2.582998172,2.614208647,5.197206819,0.3411891665195184,-0.07578424310632012,5.599143094257304,0.00048828125,0.02209169145676488,0.02209708691207961,0.0,1.0,1.0,0.00048828125,45.22168161362837,2046.00048814933,2,Pitting_degradation_level_2,V1000_100N_2.txt,12288,16384,3
0.0021567007880912855,0.3685348961829821,0.368541206736629,-1.668914547,1.617059475,3.285974022,0.2802398691818452,-0.09009989639903733,4.132968519941165,-0.0002165482159359359,0.5413113169411735,0.5413113602555534,-2.391612863,3.138631381,5.530244244,0.4171958137480384,0.037192193881841085,4.496572086984348,0.0026278999449639165,0.44183965653345403,0.4418474713560341,-2.265832266,2.773876134,5.0397084,0.32974242693529177,0.034808110874966505,5.358183997982882,0.00048828125,0.02209169145676488,0.02209708691207961,0.0,1.0,1.0,0.00048828125,45.22168161362837,2046.00048814933,2,Pitting_degradation_level_2,V1000_100N_2.txt,16384,20480,4
-0.0012001189271086178,0.34407489778057326,0.34407699075664905,-1.606762894,1.716799852,3.3235627460000003,0.2666802970862915,-0.09643923749687906,3.8502730342368925,0.005058491586578028,0.4834286913654219,0.48345515611317647,-2.066719842,2.365244734,4.431964576,0.37940049125444814,-0.0033327571224427226,3.719438583709262,0.002099548605367628,0.381052829418727,0.38105861348664427,-1.681509517,1.634151538,3.315661055,0.29754129708260657,0.06940794593013205,3.6587937695355457,0.00048828125,0.02209169145676488,0.02209708691207961,0.0,1.0,1.0,0.00048828125,45.22168161362837,2046.00048814933,2,Pitting_degradation_level_2,V1000_100N_2.txt,20480,24576,5
-0.0006422945628458492,0.36965348523919633,0.3696540432509703,-1.999645698,1.522901582,3.52254728,0.28512345218090923,-0.09895049927911186,4.290573886142717,0.0045628016571169945,0.5480260913318884,0.548045085681342,-3.017973647,2.607855066,5.625828713,0.4170687874591956,-0.07253571967814092,4.780412837385047,0.003807342300440137,0.46847454541351646,0.46849001649532895,-2.779298803,2.988734344,5.768033147000001,0.3431879520887624,-0.07614320786079731,6.227997676197363,0.000244140625,0.015623092534937653,0.015625,0.0,1.0,1.0,0.000244140625,63.97656010312167,4094.000243152051,2,Pitting_degradation_level_2,V1000_100N_2.txt,24576,28672,6
0.0018646440872128911,0.3746482569128037,0.37465289709993455,-1.955109883,1.501688143,3.456798026,0.28754043869821133,-0.10306472047718555,4.062742667999308,0.003819295501798558,0.5181679760451099,0.5181820514228717,-2.777599898,3.224680946,6.0022808439999995,0.3953587583534105,0.07561642655494132,5.2845983864560315,0.005205580183166601,0.436228684193185,0.4362597425593621,-2.680244709,2.856541716,5.536786425000001,0.3233505789881188,-0.06751817627941253,6.426153090055122,0.00048828125,0.02209169145676488,0.02209708691207961,0.0,1.0,1.0,0.00048828125,45.22168161362837,2046.00048814933,2,Pitting_degradation_level_2,V1000_100N_2.txt,28672,32768,7
0.0016143833247905769,0.3808575272087624,0.3808609487268189,-2.020735082,2.049515887,4.070250969,0.29214256541489386,0.03792506178503468,4.805978684509885,0.002789031801069604,0.522590180184927,0.5225976225779274,-2.914031423,2.557826249,5.4718576720000005,0.39550679284155166,-0.02176780844220486,5.155405536274579,0.0017185319454557616,0.41599447575111886,0.4159980254850926,-2.040731236,1.954571045,3.995302281,0.3178794551108698,-0.11200840162034795,4.32436027473172,0.00048828125,0.02209169145676488,0.02209708691207961,0.0,1.0,1.0,0.00048828125,45.22168161362837,2046.00048814933,2,Pitting_degradation_level_2,V1000_100N_2.txt,32768,36864,8
0.00019768268169025868,0.367087930831224,0.36708798405885223,-2.028054338,1.636163975,3.664218313,0.2783763759992151,-0.14295529641263624,4.762878383730665,0.004465721381572484,0.562152878442438,0.5621706159241839,-2.790195388,2.693198341,5.483393728999999,0.4278803917786239,0.046888637842046034,4.935757035892087,-0.0005833076463607914,0.46656378976458424,0.4665641543960503,-2.816413962,2.649395746,5.465809708,0.3410979943575385,-0.11011181294961929,6.228365407178277,0.00048828125,0.02209169145676488,0.02209708691207961,0.0,1.0,1.0,0.00048828125,45.22168161362837,2046.00048814933,2,Pitting_degradation_level_2,V1000_100N_2.txt,36864,40960,9
0.0015689529540141604,0.3668011232206587,0.3668044787203515,-1.722754502,1.719405011,3.442159513,0.28308908023465934,-0.012831313153713544,3.843948583964076,0.0016793623011951918,0.5203167071164927,0.520319417245108,-2.570657169,2.361360143,4.932017312,0.40635472323475574,-0.022378956047541206,3.9443827560302283,0.0011103056731638426,0.3994670282547186,0.3994685712810759,-2.15099218,1.748991625,3.8999838049999997,0.3060813835088855,-0.07528314157698321,4.37591734846275,0.00048828125,0.02209169145676488,0.02209708691207961,0.0,1.0,1.0,0.00048828125,45.22168161362837,2046.00048814933,2,Pitting_degradation_level_2,V1000_100N_2.txt,40960,45056,10
-0.0005207228948538327,0.35989222109231955,0.3598925978053678,-2.07705614,1.471542731,3.548598871,0.27568707984620944,-0.0888175225045103,4.43800486304405,0.0004980752642890641,0.5236510681622951,0.5236513050365497,-2.551587361,2.592669848,5.144257209,0.40049099416509615,0.06661799731141023,4.655481906786505,1.4268633714477656e-05,0.4258378695376189,0.4258378697766699,-2.448515972,2.461048363,4.909564335000001,0.320634419451173,0.04728899284304464,5.1726315215603575,0.00048828125,0.02209169145676488,0.02209708691207961,0.0,1.0,1.0,0.00048828125,45.22168161362837,2046.00048814933,2,Pitting_degradation_level_2,V1000_100N_2.txt,45056,49152,11
-0.0010671290922284425,0.36792557864913555,0.36792712619321877,-1.677598411,1.635667754,3.313266165,0.2796038137220963,-0.024854066448340494,4.291054884184555,-0.0020918241455183586,0.5505596852092272,0.5505636590857945,-2.728159655,3.112263252,5.840422907,0.4199245224332806,-0.09029036952683815,4.946639856065496,-0.005260418810000219,0.4483068704221114,0.4483377321548169,-2.509008861,2.757608126,5.266616987,0.33369613305678225,-0.026540135641343516,5.478249892829068,0.00048828125,0.02209169145676488,0.02209708691207961,0.0,1.0,1.0,0.00048828125,45.22168161362837,2046.00048814933,2,Pitting_degradation_level_2,V1000_100N_2.txt,49152,53248,12
-0.0023367867717989503,0.38446255145051916,0.38446965295099683,-1.974586549,1.874846172,3.8494327210000003,0.2931515436339426,-0.045032577539637325,4.404255377537032,-0.002426834437393555,0.5391604765474017,0.5391659382752289,-2.886957005,3.064588733,5.951545738,0.4073573400345769,-0.032311605047947715,5.198014510344294,-0.005891033596314332,0.40675240035322086,0.40679505831553525,-2.171236812,1.789239882,3.960476694,0.3145658369700942,-0.0634068620929674,4.090757271849416,0.000244140625,0.015623092534937653,0.015625,0.0,1.0,1.0,0.000244140625,63.97656010312167,4094.000243152051,2,Pitting_degradation_level_2,V1000_100N_2.txt,53248,57344,13
-0.0029744171517294424,0.3800100950729719,0.38002173558200797,-1.932035617,1.685289833,3.61732545,0.2943359133670305,-0.042142067842057186,4.127585951169316,-0.0011727228217411365,0.5686725688142481,0.5686737780139088,-2.994548389,2.776069604,5.770617993,0.43081737185596714,0.023403878097728873,4.9309633197305995,-0.003720612540512989,0.45400333313315644,0.45401857831336867,-2.526120396,2.841478745,5.3675991409999995,0.338472653942007,-0.08944527074872348,5.647017950087397,0.00048828125,0.02209169145676488,0.02209708691207961,0.0,1.0,1.0,0.00048828125,45.22168161362837,2046.00048814933,2,Pitting_degradation_level_2,V1000_100N_2.txt,57344,61440,14
-0.003389135850057569,0.37740456141234396,0.3774197785181029,-1.81343885,1.530468948,3.343907798,0.28423398611910233,-0.1278243738562046,4.600963496633214,0.0002435341174443831,0.5544615721965298,0.5544616256798247,-2.662592477,3.412553866,6.075146343,0.42114825694736097,0.06506660748493742,5.053201386159752,-0.0036938110438419188,0.4369463570221059,0.4369619699183411,-2.258963552,2.834128015,5.093091567,0.3236051196524145,-0.052548045021918365,5.870690962259625,0.00048828125,0.02209169145676488,0.02209708691207961,0.0,1.0,1.0,0.00048828125,45.22168161362837,2046.00048814933,2,Pitting_degradation_level_2,V1000_100N_2.txt,61440,65536,15
-0.0012809244108546625,0.3838281840775211,0.38383032144372564,-1.7847821,1.948038737,3.7328208370000002,0.29490485302889613,0.011508553886556264,4.215710587868017,0.0015719647358608398,0.5160547041234262,0.516057098314758,-2.284021479,2.4544726,4.7384940790000005,0.3911373470424955,0.006595882140657254,4.667823734283443,-0.001533392738792189,0.4017010238472525,0.4017039505073634,-1.791288446,1.693559893,3.484848339,0.309165968005904,-0.07749601812377117,3.87159550789542,0.00048828125,0.02209169145676488,0.02209708691207961,0.0,1.0,1.0,0.00048828125,45.22168161362837,2046.00048814933,2,Pitting_degradation_level_2,V1000_100N_2.txt,65536,69632,16
0.0028107163868389407,0.3704698120601294,0.3704804742148699,-2.131392316,1.518187484,3.6495797999999997,0.2823978117325605,-0.10231761299797032,4.679545025556608,0.0005798089243082018,0.5663990738716987,0.5663993706397518,-2.690137755,3.003730149,5.693867903999999,0.43304334955931056,-0.018460608876167958,4.684205583215921,-0.00024103694604045304,0.4835930195132909,0.48359307958322933,-2.420318091,2.955475305,5.375793396000001,0.3511807702017205,-0.016628424656482226,6.430971746173464,0.00048828125,0.02209169145676488,0.02209708691207961,0.0,1.0,1.0,0.00048828125,45.22168161362837,2046.00048814933,2,Pitting_degradation_level_2,V1000_100N_2.txt,69632,73728,17
0.003210352203068774,0.3382829527752194,0.33829818577637844,-1.718288515,1.289305648,3.0075941630000003,0.26271104570503623,-0.0642711346455782,3.7782447352526574,-0.0007823899971208506,0.4888301728396454,0.48883079896068865,-2.688254317,2.619273407,5.307527724,0.3710028175664358,0.030243095336629906,5.151811849275165,5.6427299847484685e-05,0.36638097248172424,0.3663809768269828,-1.867928839,1.92974727,3.797676109,0.2829601945917738,0.015228412785674956,4.214637666332366,0.00048828125,0.02209169145676488,0.02209708691207961,0.0,1.0,1.0,0.00048828125,45.22168161362837,2046.00048814933,2,Pitting_degradation_level_2,V1000_100N_2.txt,73728,77824,18
-0.0004387665060932376,0.374960818778182,0.37496107549297897,-1.739626008,1.736648684,3.4762746919999996,0.2901306663583287,0.01775898647294828,4.064245178554889,-0.0009333558582340562,0.527749397007995,0.5277502223547237,-2.199855352,2.623040283,4.822895635,0.4043546051738822,0.01948187965378654,4.307550650243768,0.0014588428037604496,0.4172929139704923,0.41729546399680734,-1.900344352,1.65728826,3.557632612,0.3207568060826521,-0.1242253773547294,4.0234743780114,0.000244140625,0.015623092534937653,0.015625,0.0,1.0,1.0,0.000244140625,63.97656010312167,4094.000243152051,2,Pitting_degradation_level_2,V1000_100N_2.txt,77824,81920,19
-0.0011507815465788582,0.40089179570469174,0.4008934473915734,-1.944937357,1.958335318,3.903272675,0.303841885029375,-4.0863126215697485e-05,4.545223488265399,0.002560068350517919,0.5557778111511027,0.5557837073159578,-2.756999797,2.479545865,5.236545662,0.4248754727587375,-0.08732275555904488,4.476496446616632,0.0006886895994506109,0.4140966009114384,0.4140971735954877,-2.369827014,1.697536517,4.067363531,0.3254958166429314,-0.05145216663187685,3.734251068872557,0.00048828125,0.02209169145676488,0.02209708691207961,0.0,1.0,1.0,0.00048828125,45.22168161362837,2046.00048814933,3,Pitting_degradation_level_3,V1000_100N_1.txt,0,4096,0
-0.001183854854699195,0.3523840726485439,0.3523860612576656,-1.316721846,1.347115369,2.663837215,0.2779858262557873,-0.0661033280573866,3.306611503236409,0.0010595199809332735,0.5200174132502532,0.5200184926193246,-2.061893533,2.399735189,4.461628722,0.4065296861469606,-0.05534466229970874,3.5153963825570655,-0.0019917542234667244,0.35713975782024154,0.3571453117440959,-1.466410299,1.478460675,2.944870974,0.2823173999781077,0.05020059667207899,3.19233344347644,0.00048828125,0.02209169145676488,0.02209708691207961,0.0,1.0,1.0,0.00048828125,45.22168161362837,2046.00048814933,3,Pitting_degradation_level_3,V1000_100N_1.txt,4096,8192,1
0.00032488771617443805,0.3782026670670881,0.37820280661132966,-1.811950187,1.608003446,3.419953633,0.29243083625176036,-0.03155322182209621,3.8213859152275376,-0.0019626136888183324,0.5159723575800913,0.5159760901817536,-2.557590819,2.366539597,4.924130416000001,0.3944982270721594,-0.03367306928636193,4.476337697198771,-0.004354728292137721,0.4012150917891729,0.4012387238763138,-2.645660129,1.552329482,4.197989611,0.3149817750109929,-0.09341041253595514,3.95595034960819,0.00048828125,0.02209169145676488,0.02209708691207961,0.0,1.0,1.0,0.00048828125,45.22168161362837,2046.00048814933,3,Pitting_degradation_level_3,V1000_100N_1.txt,8192,12288,2
0.004302619435145995,0.38420635534285996,0.38423044650293875,-1.928438016,1.833039571,3.761477587,0.29705343692386943,-0.07483111516497107,3.905734282624858,-0.0018690970492835435,0.5640538318380158,0.5640569286294853,-2.667183356,2.494495653,5.161679009,0.44064532710485055,0.04720815762029382,3.838370880382164,0.0021862783658878663,0.4204827013160976,0.42048838499912894,-1.796831619,1.653311636,3.450143255,0.32985701730542105,-0.01812818146878322,3.553793691432798,0.00048828125,0.02209169145676488,0.02209708691207961,0.0,1.0,1.0,0.00048828125,45.22168161362837,2046.00048814933,3,Pitting_degradation_level_3,V1000_100N_1.txt,12288,16384,3
0.0024975497069300782,0.34213114138187384,0.3421402572890281,-1.2905462,1.362001993,2.6525481930000003,0.2699537672164678,0.046403224590495534,3.214773247516106,-0.001375418850085254,0.49971868257445606,0.4997205754128633,-2.123458406,2.21044969,4.333908096,0.39602932497669363,-0.015890669339418552,3.3047701934876477,0.0014893512024165521,0.36723964124252806,0.3672426612839865,-1.284208608,1.695849465,2.980058073,0.2930297903340437,0.03179597285172505,3.092180185003463,0.00048828125,0.02209169145676488,0.02209708691207961,0.0,1.0,1.0,0.00048828125,45.22168161362837,2046.00048814933,3,Pitting_degradation_level_3,V1000_100N_1.txt,16384,20480,4
-0.0012978547952072516,0.36491418703271183,0.3649164950023696,-2.111171319,2.133997475,4.245168794,0.28235277509363704,0.009863673265635739,4.655073302071883,-0.0012975649538868878,0.4991540666542077,0.4991557531795489,-2.555354237,2.554294803,5.10964904,0.3835469800458463,0.013203646314900409,4.632878586268306,0.002593861162832545,0.39161403395867417,0.3916226241027421,-2.106887802,1.603182071,3.710069873,0.30752222135561325,0.024339190491345128,3.8053204094168924,0.00048828125,0.02209169145676488,0.02209708691207961,0.0,1.0,1.0,0.00048828125,45.22168161362837,2046.00048814933,3,Pitting_degradation_level_3,V1000_100N_1.txt,20480,24576,5
0.0012144143512466301,0.36898522271538314,0.36898722116699034,-1.752527749,1.88340598,3.635933729,0.2872051928586382,-0.11207065261642604,3.9051833341117326,0.0007770445460884022,0.4998134823946549,0.4998140864178386,-2.396203743,2.339818324,4.736022067,0.3907009743678745,0.06318055824421931,3.8641217151432543,0.0017706345236626468,0.382868050433737,0.382872144703094,-1.695246946,1.50039236,3.195639306,0.3020135871511559,-0.010010135531426243,3.2526024220438146,0.000244140625,0.015623092534937653,0.015625,0.0,1.0,1.0,0.000244140625,63.97656010312167,4094.000243152051,3,Pitting_degradation_level_3,V1000_100N_1.txt,24576,28672,6
-0.002488221338014795,0.3424567034645256,0.3424657428024254,-1.505285744,1.44884063,2.9541263740000003,0.2725123450529282,0.0021136716899167397,3.2173738574658155,0.0010416443343125,0.4930702895806855,0.49307138985151056,-1.945473534,1.937939783,3.883413317,0.3874477505558307,-0.13245561529381644,3.4420157897622152,-0.001236252111212744,0.3720543526819663,0.3720564065687882,-1.321926286,1.245165389,2.5670916750000004,0.2958294140271572,-0.003630111935710328,3.064934913040714,0.00048828125,0.02209169145676488,0.02209708691207961,0.0,1.0,1.0,0.00048828125,45.22168161362837,2046.00048814933,3,Pitting_degradation_level_3,V1000_100N_1.txt,28672,32768,7
-0.002279817087452979,0.3946914408893364,0.39469802517526326,-1.844576704,2.053981874,3.8985585780000003,0.29793357461507697,0.05289769277921159,4.727117667021482,-0.0022340246176879896,0.5348000876485136,0.5348047537324722,-2.845285944,2.70285096,5.548136904,0.39867428827415163,0.04756670426929841,5.732413096448547,-0.003286257665851147,0.4028746777441568,0.40288808055948316,-1.739471827,1.585468017,3.324939844,0.31849121176616957,-0.002762823708628894,3.3412515986907896,0.00048828125,0.02209169145676488,0.02209708691207961,0.0,1.0,1.0,0.00048828125,45.22168161362837,2046.00048814933,3,Pitting_degradation_level_3,V1000_100N_1.txt,32768,36864,8
-0.0039048916933882806,0.3456963491321262,0.34571840272455556,-1.353690295,1.441769484,2.7954597789999998,0.2709335185651808,-0.08153711923269266,3.4234556906063864,0.0019575556309506087,0.47134496218679983,0.47134902715813903,-2.057420368,1.85848225,3.9159026179999996,0.37708683092094697,0.013434417868114373,3.1087598432800827,-0.0009200179928772221,0.36932152386998257,0.3693226697980416,-1.531000316,1.312768,2.8437683160000002,0.2939648124564145,-0.0036562839253241847,3.032421080876701,0.00048828125,0.02209169145676488,0.02209708691207961,0.0,1.0,1.0,0.00048828125,45.22168161362837,2046.00048814933,3,Pitting_degradation_level_3,V1000_100N_1.txt,36864,40960,9
-0.0031664967527492175,0.38381781340714743,0.383830874983148,-1.85785061,1.994807546,3.8526581560000004,0.3031876877067904,0.09601719749955716,3.552843165732403,0.001118090020081541,0.5436059698722164,0.543607119716074,-2.741932294,2.707794984,5.449727278,0.42196659940699566,-0.019370713936988897,4.192352385456586,-0.0038282892419319583,0.40451665687760696,0.4045347716698226,-2.277039116,1.569682024,3.84672114,0.31811057756350625,-0.09559092951238958,3.6630607481036477,0.00048828125,0.02209169145676488,0.02209708691207961,0.0,1.0,1.0,0.00048828125,45.22168161362837,2046.00048814933,3,Pitting_degradation_level_3,V1000_100N_1.txt,40960,45056,10
7.165883632268086e-05,0.3584461325914137,0.35844613975425954,-1.887747912,1.939602984,3.827350896,0.2780534266455429,-0.036545731665339545,4.027489969413737,-0.0006303895301401372,0.5041567456210533,0.5041571397353917,-2.245881863,2.38984714,4.635729003,0.3889136109783281,0.060428210847119995,3.9856475407159295,-0.003164459426801612,0.39520446926139224,0.3952171382008156,-1.571369077,1.696933999,3.268303076,0.31137878308725087,0.026174575543312657,3.3901121601533535,0.00048828125,0.02209169145676488,0.02209708691207961,0.0,1.0,1.0,0.00048828125,45.22168161362837,2046.00048814933,3,Pitting_degradation_level_3,V1000_100N_1.txt,45056,49152,11
0.0007757084150121585,0.3491885645015524,0.34918942610308223,-1.240179791,1.585053235,2.8252330260000003,0.27519973313007395,-0.008930446460025084,3.2853977944731496,0.0025566196712057867,0.5104921336203406,0.5104985355438258,-1.891913271,1.760308055,3.6522213260000003,0.40821295694995324,-0.036838040810310745,2.9766377625655536,0.003412704242379638,0.3715754260700708,0.371591097591695,-1.215641967,1.371814845,2.587456812,0.29637353441464465,0.03770252199285723,2.9477623168716947,0.00048828125,0.02209169145676488,0.02209708691207961,0.0,1.0,1.0,0.00048828125,45.22168161362837,2046.00048814933,3,Pitting_degradation_level_3,V1000_100N_1.txt,49152,53248,12
-0.0002108272005538086,0.37164237794856597,0.37164243774813077,-1.869511798,1.767910593,3.6374223910000003,0.28685931631300726,-0.05105826499858016,4.172241715762672,0.0005331080806612068,0.53780572903832,0.5378059932639878,-3.065648166,2.467774379,5.5334225450000005,0.4100466763124958,-0.10026566805640394,4.8595590707792224,0.005368742750173461,0.40200843776397466,0.402044285411631,-1.610050785,1.403025319,3.013076104,0.31760917481843876,0.023978542699981172,3.2824618025886125,0.000244140625,0.015623092534937653,0.015625,0.0,1.0,1.0,0.000244140625,63.97656010312167,4094.000243152051,3,Pitting_degradation_level_3,V1000_100N_1.txt,53248,57344,13
0.0015039572385733158,0.36796260507083883,0.367965678586867,-1.666557498,1.814059126,3.480616624,0.28213601165780705,-0.06248786540412039,4.162968579114775,0.0008742972546400855,0.505901179823329,0.5059019353020167,-2.606442487,2.597731588,5.204174074999999,0.38668297755543846,0.00467025970409738,4.54955853503318,0.0035654521763229,0.37169360022642295,0.37171070054344896,-1.435681839,1.988071091,3.42375293,0.29060112170814845,0.13678050025997893,3.750559117148135,0.00048828125,0.02209169145676488,0.02209708691207961,0.0,1.0,1.0,0.00048828125,45.22168161362837,2046.00048814933,3,Pitting_degradation_level_3,V1000_100N_1.txt,57344,61440,14
0.003787045314040869,0.35568598378774696,0.3557061438536984,-1.295136242,1.44263787,2.7377741120000003,0.2820433337034133,-0.022696062656045665,3.1968253325875517,0.00197439667242649,0.5113347448578123,0.511338556673584,-2.603264186,2.14170421,4.744968396,0.4042538463102582,-0.0007134266526493443,3.4073882659179855,0.0029377793752590076,0.38405633502525516,0.3840675709047677,-1.455685464,1.455926471,2.911611935,0.3048809059509844,-0.037444834157706317,3.1874006027639843,0.00048828125,0.02209169145676488,0.02209708691207961,0.0,1.0,1.0,0.00048828125,45.22168161362837,2046.00048814933,3,Pitting_degradation_level_3,V1000_100N_1.txt,61440,65536,15
0.002722520896512819,0.4187006671575153,0.41870951839930787,-2.054229984,2.066759559,4.120989543,0.32022119901168783,0.011761190718701749,4.2378106254208046,0.0033106155537551297,0.571992030100362,0.5720016107264718,-2.876480382,2.633281476,5.509761858,0.42893301440726433,0.0462549303678986,4.880710793003965,0.0026511122177307863,0.42525532155482537,0.4252635852112063,-1.890342539,1.617281011,3.50762355,0.331082236964846,-0.10001957557507335,3.6682485191639564,0.00048828125,0.02209169145676488,0.02209708691207961,0.0,1.0,1.0,0.00048828125,45.22168161362837,2046.00048814933,3,Pitting_degradation_level_3,V1000_100N_1.txt,65536,69632,16
0.00039124634057719686,0.35032590802566677,0.3503261264988767,-1.294640022,1.236210024,2.5308500460000003,0.2738487550879094,-0.017360210285535645,3.442327498126853,0.0018324548504961647,0.4955447666569835,0.4955481547255557,-2.031169954,2.288141499,4.319311453,0.3901530944511593,0.05276546513906995,3.5045525525008068,0.0019207052506778803,0.36623440380422495,0.3662394403098826,-1.281437022,1.698621051,2.980058073,0.2905058601884481,-0.007145176548984829,3.219950360767886,0.00048828125,0.02209169145676488,0.02209708691207961,0.0,1.0,1.0,0.00048828125,45.22168161362837,2046.00048814933,3,Pitting_degradation_level_3,V1000_100N_1.txt,69632,73728,17
0.001244156098147656,0.3355979826202809,0.335600288830625,-1.181873849,1.090569225,2.272443074,0.26774021789314817,0.015188664657343925,2.99892356058262,0.0013759936297873785,0.4861123936769796,0.486114341122366,-1.791737923,2.016573311,3.808311234,0.3854607374708365,-0.005557178629177363,3.2098680838239266,0.00028584339943896523,0.37606528416989593,0.3760653928032113,-1.499910345,1.277701405,2.77761175,0.3001550460735709,0.014343140442172983,3.050459950888505,0.00048828125,0.02209169145676488,0.02209708691207961,0.0,1.0,1.0,0.00048828125,45.22168161362837,2046.00048814933,3,Pitting_degradation_level_3,V1000_100N_1.txt,73728,77824,18
0.0003671682463660641,0.3946352883076226,0.3946354591140558,-1.903006701,1.919754152,3.822760853,0.2984336418341339,-0.09698000764791867,4.581899254515165,0.0010489152958246355,0.5519545593230426,0.5519555559832621,-3.209142584,2.493907079,5.703049663,0.4195501972196968,-0.07981365010018159,4.861082335235469,0.001253050854320556,0.3985161478220444,0.3985181177956218,-2.12122775,1.778153535,3.899381285,0.3140366324552026,-0.01107711812091859,3.72513052045003,0.000244140625,0.015623092534937653,0.015625,0.0,1.0,1.0,0.000244140625,63.97656010312167,4094.000243152051,3,Pitting_degradation_level_3,V1000_100N_1.txt,77824,81920,19
-0.004168811851747948,0.38894894649553935,0.38897128682236326,-1.738261401,2.046786673,3.785048074,0.3047612139853923,0.044611540638225936,3.6690709740540948,-0.006014666195434865,0.5119881234329972,0.5120234513632012,-2.523571224,2.951347035,5.474918259,0.3992378884137457,0.03330445989735489,4.234230069842668,-0.008175839087398487,0.4047622201358222,0.40484478407664193,-1.896970246,1.56666943,3.4636396759999997,0.32196499164604464,0.03165832543827853,3.154188359973463,0.00048828125,0.02209169145676488,0.02209708691207961,0.0,1.0,1.0,0.00048828125,45.22168161362837,2046.00048814933,4,Pitting_degradation_level_4,V1000_100N_1.txt,0,4096,0
-0.0003290370220795896,0.35337802903503346,0.3533781822213234,-1.499331094,1.310643142,2.809974236,0.2810157896063063,-0.061946733786983135,3.122662525296772,0.00015418463006679857,0.4994639013100358,0.49946392510845206,-1.848123343,1.901095031,3.749218374,0.3975154176402782,-0.08556950027329824,3.1009592918583264,-0.003912812512320923,0.39316694216257925,0.39318641191072395,-1.49942833,1.480509239,2.979937569,0.313494630297516,-0.03426555118122813,3.0748229269192957,0.000244140625,0.015623092534937653,0.015625,0.0,1.0,1.0,0.000244140625,63.97656010312167,4094.000243152051,4,Pitting_degradation_level_4,V1000_100N_1.txt,4096,8192,1
0.001015429332024072,0.38453292458417054,0.38453426529502377,-1.827457087,2.148139768,3.975596855,0.3007286629537918,-0.017016512479939645,3.6670620485688104,0.0054477610714249265,0.5517968428618378,0.5518237344415181,-2.661768473,2.595730435,5.2574989080000005,0.4287439119165436,-0.09538030817739007,3.940749783799235,0.00045815554489619166,0.40937440609851616,0.40937466247316306,-2.139062307,1.747063564,3.886125871,0.3235816426009803,-0.03202967510417164,3.331248646930729,0.00048828125,0.02209169145676488,0.02209708691207961,0.0,1.0,1.0,0.00048828125,45.22168161362837,2046.00048814933,4,Pitting_degradation_level_4,V1000_100N_1.txt,8192,12288,2
-0.00438036593943955,0.38036280305100545,0.3803880249831498,-1.646584612,2.068620387,3.715204999,0.29496506341048545,-0.03425929956356716,3.892387410936603,-0.0015078480706470453,0.5111293756746659,0.5111315997699398,-2.705087542,3.187483049,5.892570591,0.38842958907372005,-0.0001467572162759916,5.399255156270462,-0.003763212503465283,0.39930378426239144,0.3993215169441946,-1.749353136,1.379768093,3.129121229,0.31785285955419446,0.033580790002186195,3.0913800919820034,0.00048828125,0.02209169145676488,0.02209708691207961,0.0,1.0,1.0,0.00048828125,45.22168161362837,2046.00048814933,4,Pitting_degradation_level_4,V1000_100N_1.txt,12288,16384,3
-0.0038158784552005873,0.3739257886569818,0.3739452584953186,-1.364607152,1.339796113,2.704403265,0.300030367888384,-0.0227020759630391,2.9883626817921023,-0.004462847484006907,0.4956133736414526,0.4956334665253423,-2.162304311,1.916751107,4.079055418,0.3963104496817519,-0.058746717469783,3.1752261257132472,-0.0018958454664425545,0.40968874957166934,0.40969313608557156,-1.611255823,1.583178446,3.1944342690000003,0.32967632049970974,0.03081150107123281,2.9867341731530854,0.00048828125,0.02209169145676488,0.02209708691207961,0.0,1.0,1.0,0.00048828125,45.22168161362837,2046.00048814933,4,Pitting_degradation_level_4,V1000_100N_1.txt,16384,20480,4
0.0013147548936571045,0.39463961918112417,0.3946418092496702,-1.818649168,1.771508194,3.5901573620000002,0.30677075066309084,-0.010925654091211268,3.927426312607568,-0.001188471784891236,0.5904265761772718,0.5904277723156316,-2.809971485,2.726864792,5.536836277000001,0.44992143645836835,0.0651565381736971,4.6303038883672025,0.003729173721051417,0.4133805032459711,0.41339732364945725,-2.079533448,1.589444642,3.6689780899999995,0.3266716697728811,-0.04991512985920215,3.445676723257624,0.00048828125,0.02209169145676488,0.02209708691207961,0.0,1.0,1.0,0.00048828125,45.22168161362837,2046.00048814933,4,Pitting_degradation_level_4,V1000_100N_1.txt,20480,24576,5
0.001918645651113892,0.36009524232337786,0.36010035371416504,-1.324289213,1.220703125,2.544992338,0.2872636466009406,-0.01471808443265725,3.1136511396340207,0.000569549106047097,0.4529316365563572,0.4529319946524028,-1.676495073,1.812102595,3.4885976679999997,0.36069880111182917,0.01660519293976032,3.187656347512176,0.002057978337270411,0.3956762218628972,0.39568157377180624,-1.351329205,1.447370704,2.7986999089999998,0.3173108279757266,0.041364292568631125,2.945503627235064,0.00048828125,0.02209169145676488,0.02209708691207961,0.0,1.0,1.0,0.00048828125,45.22168161362837,2046.00048814933,4,Pitting_degradation_level_4,V1000_100N_1.txt,24576,28672,6
0.010597572580064137,0.35906455007274474,0.35922090649561633,-1.253081531,1.17926869,2.432350221,0.28438545097165624,-0.03004435805741167,3.0926529424689058,0.009301169742657274,0.5138143643908629,0.513898543306914,-2.044589448,2.523806654,4.5683961019999995,0.4053388577662751,-0.04692994958215982,3.500250369946388,0.014041453923428687,0.3970140991925749,0.39726232817368357,-1.427728591,1.359523461,2.787252052,0.31673125665217494,-0.0014185321542239532,2.9789054540522932,0.00048828125,0.02209169145676488,0.02209708691207961,0.0,1.0,1.0,0.00048828125,45.22168161362837,2046.00048814933,4,Pitting_degradation_level_4,V1000_100N_1.txt,28672,32768,7
0.008663086870474485,0.3976483144650849,0.39774266941208164,-1.824479762,1.799048447,3.623528209,0.3069149163673939,0.00978820428403197,4.000580131576528,0.008259554148782006,0.5605727552244034,0.5606336006115007,-3.035630876,2.956761918,5.992392794000001,0.42794419231784464,0.059603575669960863,4.6853969323974916,0.013140500003286183,0.40398707891675073,0.40420073314137545,-1.526903188,1.543171196,3.0700743839999998,0.31879111786114545,0.03740559024717043,3.2718221373205374,0.000244140625,0.015623092534937653,0.015625,0.0,1.0,1.0,0.000244140625,63.97656010312167,4094.000243152051,4,Pitting_degradation_level_4,V1000_100N_1.txt,32768,36864,8
1.7081818537939477e-05,0.3655590684098472,0.36555906880894623,-1.442761925,1.550689945,2.99345187,0.28706862916745196,-0.04115095934224014,3.388097436100937,-0.0020351508770796137,0.46163074638784557,0.4616352324614011,-1.89332585,2.162539741,4.055865591,0.358823266531511,0.07439636237763064,3.7736771065627894,0.0005521520103482422,0.3868488498290174,0.38684924387398795,-1.774538422,1.387721341,3.162259763,0.30894458352701903,-0.028044682402675047,3.134681207943563,0.00048828125,0.02209169145676488,0.02209708691207961,0.0,1.0,1.0,0.00048828125,45.22168161362837,2046.00048814933,4,Pitting_degradation_level_4,V1000_100N_1.txt,36864,40960,9
-0.003693458753461598,0.3824933325708712,0.3825111646720062,-1.610112384,1.874722116,3.4848345,0.301635331982127,0.06357099158263053,3.434400395253641,-0.006176639085974512,0.5226084509475516,0.5226449501068559,-2.498968818,2.820448108,5.319416926,0.3975387824315299,0.01908449220792632,4.620969938748982,-0.007212132599751512,0.405262360049638,0.4053265292694753,-1.986263535,1.61981159,3.6060751250000003,0.3214946562768383,0.006826486765484335,3.3945346741729456,0.00048828125,0.02209169145676488,0.02209708691207961,0.0,1.0,1.0,0.00048828125,45.22168161362837,2046.00048814933,4,Pitting_degradation_level_4,V1000_100N_1.txt,40960,45056,10
-0.0010324202894486329,0.3800399873909789,0.38004138972984175,-1.619292469,1.976447377,3.595739846,0.29629856590348447,-0.014967496826325376,3.7639980546327743,0.0012636816941213847,0.5423039784230289,0.5423054507423551,-2.804203456,2.905438238,5.709641694,0.4174408422945942,-0.0033300415002543,4.517118811230599,-0.0002585417666234371,0.3970064277627313,0.39700651194756226,-1.767669708,1.602338544,3.370008252,0.3127802277365099,-0.02259815704839739,3.3459222170573844,0.00048828125,0.02209169145676488,0.02209708691207961,0.0,1.0,1.0,0.00048828125,45.22168161362837,2046.00048814933,4,Pitting_degradation_level_4,V1000_100N_1.txt,45056,49152,11
-0.010840473620264798,0.3764155959612216,0.3765716621722262,-1.347239425,1.454671224,2.801910649,0.297833809523414,-0.019195190634898236,3.1605316200763314,-0.011568905188203612,0.4896215780891261,0.48975823555887227,-2.346645786,2.397380891,4.744026677,0.38436900109460237,0.019492984222610147,3.7394084409134427,-0.016953579177393676,0.39278522034838914,0.39315092925116785,-1.362656558,1.482196292,2.84485285,0.31514208385089604,0.01665329884028825,2.9168277526841893,0.00048828125,0.02209169145676488,0.02209708691207961,0.0,1.0,1.0,0.00048828125,45.22168161362837,2046.00048814933,4,Pitting_degradation_level_4,V1000_100N_1.txt,49152,53248,12
-0.011399842616382569,0.38088721331648534,0.38105777210244135,-1.970616783,1.53146139,3.502078173,0.29801325948197455,-0.055237684500619166,3.845211451294048,-0.014381646651471826,0.4885698343455839,0.48878145913371046,-2.323573673,2.425632458,4.749206130999999,0.3743020812237278,-0.0228657558673501,4.341443972419313,-0.01912476515112544,0.4051875780239658,0.40563866929450043,-1.646201914,1.432066726,3.07826864,0.3231489940789891,0.015453390331322016,3.18796176399065,0.00048828125,0.02209169145676488,0.02209708691207961,0.0,1.0,1.0,0.00048828125,45.22168161362837,2046.00048814933,4,Pitting_degradation_level_4,V1000_100N_1.txt,53248,57344,13
-0.010059677004075073,0.3813367383889949,0.3814694026348418,-1.808104476,1.424153646,3.232258122,0.29869868261103305,-0.09010101819538033,3.4363483231846432,-0.007647844957275465,0.5385422992594019,0.5385966000859026,-2.777599898,2.463889789,5.241489687,0.42220792062304924,-0.042262026798005246,3.8551199801616503,-0.01168377542978889,0.3955076258005217,0.3956801646211991,-1.840453981,1.302284173,3.142738154,0.31476256760266447,-0.030529233065505524,3.1764958061832695,0.000244140625,0.015623092534937653,0.015625,0.0,1.0,1.0,0.000244140625,63.97656010312167,4094.000243152051,4,Pitting_degradation_level_4,V1000_100N_1.txt,57344,61440,14
-0.004678419450784423,0.36807912961033157,0.3681088606149772,-1.259408346,1.291538642,2.5509469879999997,0.2948290448854792,-0.016002039431282294,2.955892705857291,-0.001332626506860205,0.4990330177247027,0.49903479705610737,-2.016102451,2.371483622,4.387586073,0.39357015918686145,-0.011107301267947468,3.5377929569740343,-0.0035288832857734874,0.40628531793720646,0.40630064310628594,-1.610050785,1.298428053,2.908478838,0.32570587447244703,0.019566478883838938,2.9336327963276623,0.00048828125,0.02209169145676488,0.02209708691207961,0.0,1.0,1.0,0.00048828125,45.22168161362837,2046.00048814933,4,Pitting_degradation_level_4,V1000_100N_1.txt,61440,65536,15
-0.004292503605270703,0.40217780389621116,0.40220071050904493,-1.932035617,2.013167715,3.9452033319999997,0.3122713992259616,-0.03787579763154223,4.031107706756653,-0.0012242518138554936,0.5306414008219241,0.5306428130661507,-2.560180546,3.016561069,5.5767416149999995,0.4017126882076523,0.0642700958079273,5.367112313137135,-0.0021693325241793704,0.42140367423601255,0.421409257922998,-1.850817305,1.451949847,3.3027671520000004,0.3331220926684455,-0.024137865009763854,3.2990481463717027,0.00048828125,0.02209169145676488,0.02209708691207961,0.0,1.0,1.0,0.00048828125,45.22168161362837,2046.00048814933,4,Pitting_degradation_level_4,V1000_100N_1.txt,65536,69632,16
0.0032718952112869137,0.3674414052222003,0.3674559722877543,-1.263254057,1.624750897,2.888004954,0.28995291246524146,0.007120355766233501,3.2309766663087016,0.00234185327275652,0.5125922845504093,0.5125976340731186,-2.433283924,2.744992881,5.178276804999999,0.4024823755743895,-0.004992107909313115,3.8700832267987657,0.00039722700679118637,0.3894350887792463,0.3894352913666074,-1.414834688,1.477255638,2.892090326,0.3084485646188771,-0.002017695446797258,3.1253347362923813,0.00048828125,0.02209169145676488,0.02209708691207961,0.0,1.0,1.0,0.00048828125,45.22168161362837,2046.00048814933,4,Pitting_degradation_level_4,V1000_100N_1.txt,69632,73728,17
0.0014265438890620121,0.3983522147343224,0.3983547690328398,-1.969004065,2.571416095,4.54042016,0.30862003928287807,0.03976136867578438,4.224821355583662,-0.0008119624058266859,0.5149354090689499,0.514936049229373,-2.865650615,2.508503722,5.374154337,0.39817957547140004,-0.10640936504315861,4.289191027732714,-0.00028328387244104026,0.42223305377881376,0.42223314880896673,-2.031090935,1.823101439,3.854192374,0.3340424048583074,-0.0202190364728493,3.4056408717683335,0.00048828125,0.02209169145676488,0.02209708691207961,0.0,1.0,1.0,0.00048828125,45.22168161362837,2046.00048814933,4,Pitting_degradation_level_4,V1000_100N_1.txt,73728,77824,18
0.0007624124612227295,0.4121141923461161,0.41211489757815434,-1.684793612,2.251229635,3.936023247,0.32387361899591466,-0.09078268932002911,3.6365296381865213,-0.000783711987877757,0.5547584370951041,0.5547589906731414,-2.939340119,2.854585418,5.793925537,0.429173214802152,0.010784579889733251,4.177995494002252,-0.0013129496972659918,0.429348700049776,0.42935070754726845,-1.644635365,1.413268139,3.057903504,0.34311969800425435,-0.029877503290448804,3.094600888473935,0.00048828125,0.02209169145676488,0.02209708691207961,0.0,1.0,1.0,0.00048828125,45.22168161362837,2046.00048814933,4,Pitting_degradation_level_4,V1000_100N_1.txt,77824,81920,19
0.001066674788662891,0.3463326766919765,0.3463343193212793,-1.245017943,1.141183745,2.386201688,0.27775464624884044,-0.13761585394714876,2.956715397101186,-0.0029495677452851077,0.4412208465176052,0.44123070535899483,-1.868605729,2.074842168,3.943447897,0.3444746409693315,-0.03305909699838316,3.7214321352642394,-0.0014694045354437008,0.33353496701053337,0.3335382037614378,-1.388203356,1.474002036,2.862205392,0.26610314198798046,0.11060116085522122,3.071783870101541,0.00048828125,0.02209169145676488,0.02209708691207961,0.0,1.0,1.0,0.00048828125,45.22168161362837,2046.00048814933,6,Pitting_degradation_level_6,V1000_100N_1.txt,0,4096,0
0.001581491735619213,0.3511687241989447,0.35117228531252903,-1.368825029,1.655888751,3.02471378,0.2732804817401459,-0.06458725121028014,3.780710481491878,-0.002394043262534986,0.4658586389793331,0.4658647904218771,-1.728054183,2.40267806,4.130732243,0.3639466219937089,0.03248651501293897,3.8541287959042685,0.001144785754112402,0.3516387698953611,0.3516406333573319,-1.961680767,1.311321955,3.273002722,0.27612331235942944,-0.07646166175188016,3.943582514496964,0.00048828125,0.02209169145676488,0.02209708691207961,0.0,1.0,1.0,0.00048828125,45.22168161362837,2046.00048814933,6,Pitting_degradation_level_6,V1000_100N_1.txt,4096,8192,1
-0.00016412478170117132,0.32839159664441236,0.3283916376578588,-1.287941041,1.476504938,2.764445979,0.25327676316651093,-0.06653208014449036,3.6505846001174156,0.0028605631251401864,0.41225581758307883,0.41226574190985804,-1.887910966,1.652010382,3.539921348,0.3247376003288323,-0.01564410224038035,3.386235223697437,0.0015536630261755852,0.3152705570953982,0.31527438532180446,-1.409171011,1.206724688,2.615895699,0.25130865722047646,0.07247845410664071,3.1309560547146447,0.00048828125,0.02209169145676488,0.02209708691207961,0.0,1.0,1.0,0.00048828125,45.22168161362837,2046.00048814933,6,Pitting_degradation_level_6,V1000_100N_1.txt,8192,12288,2
-0.0004699317429485356,0.3425091640224812,0.34250948640179585,-1.172197544,1.318458619,2.490656163,0.2736601887681231,-0.1042338040348872,3.004540563953583,0.00045493805504692557,0.452874068263348,0.4528742967690146,-1.762073778,1.905332766,3.667406544,0.36017718862233755,-0.012233447483978466,3.2228032368422665,0.0013307781359088375,0.3384785686842247,0.3384811847488254,-1.299392083,1.299392083,2.598784166,0.26846367420889083,0.04909944567891071,3.1788982727186754,0.000244140625,0.015623092534937653,0.015625,0.0,1.0,1.0,0.000244140625,63.97656010312167,4094.000243152051,6,Pitting_degradation_level_6,V1000_100N_1.txt,12288,16384,3
0.0002649802026204594,0.36933408356122754,0.36933417861676376,-1.66159529,1.497842432,3.159437722,0.28784467073860104,-0.08938554305738908,3.6255503794956185,-0.0011563703415992663,0.4490455871920201,0.4490470761167397,-2.19691248,2.556178241,4.7530907209999995,0.35155765001019634,0.02066585879575822,4.068942630037325,0.0020674809543562264,0.35242581517336663,0.35243187948610527,-2.285233372,1.37422492,3.659458292,0.27577901168995356,-0.11467709982724354,4.1887796743589965,0.00048828125,0.02209169145676488,0.02209708691207961,0.0,1.0,1.0,0.00048828125,45.22168161362837,2046.00048814933,6,Pitting_degradation_level_6,V1000_100N_1.txt,16384,20480,4
1.111529726142502e-05,0.3324018775685539,0.33240187775439795,-1.382098935,1.167979667,2.550078602,0.26106970702764404,-0.19549852374116125,3.349077644627446,-0.0016489564633517572,0.42628316444130476,0.4262863536914013,-1.577850018,1.676377358,3.2542273760000002,0.3381377533291051,-0.03639580074199967,3.1785581528790434,0.004035993483545483,0.3256284664199767,0.32565347746711554,-1.438935441,1.180816379,2.61975182,0.255468155294936,0.03840662394054614,3.38405402604164,0.00048828125,0.02209169145676488,0.02209708691207961,0.0,1.0,1.0,0.00048828125,45.22168161362837,2046.00048814933,6,Pitting_degradation_level_6,V1000_100N_1.txt,20480,24576,5
0.0013705736743373775,0.3701256975282015,0.3701282351333582,-1.811453967,1.648197329,3.459651296,0.2924485843831281,-0.12431193846706073,3.631118144012187,0.00046275505741682024,0.4489375257884004,0.4489377642872716,-1.858011391,2.350059517,4.208070908,0.3516163637472117,0.059142117686854095,3.717523750461296,0.0030043859471390625,0.3644465882653204,0.3644589716732891,-2.249323251,1.594385296,3.843708547,0.2852835695212172,-0.12092511886399464,4.004268911190696,0.00048828125,0.02209169145676488,0.02209708691207961,0.0,1.0,1.0,0.00048828125,45.22168161362837,2046.00048814933,6,Pitting_degradation_level_6,V1000_100N_1.txt,24576,28672,6
0.00099737833247251,0.34381210674257834,0.343813553406942,-1.534190604,1.411003795,2.945194399,0.266797507438803,-0.20913568885497605,3.526041496584535,0.0024103095249679678,0.45374183560319215,0.4537482374274972,-1.836234141,2.035054544,3.8712886849999997,0.35426612645089,0.025636090848851923,3.6264766985690136,0.0008686214884413811,0.33709654441608733,0.33709766353470516,-1.757788399,1.327228452,3.085016851,0.26478239602695175,0.02830859121478676,3.7579695814288123,0.00048828125,0.02209169145676488,0.02209708691207961,0.0,1.0,1.0,0.00048828125,45.22168161362837,2046.00048814933,6,Pitting_degradation_level_6,V1000_100N_1.txt,28672,32768,7
0.0025921963095017326,0.34508966797393775,0.3450994036854738,-1.246754716,1.358156282,2.6049109980000003,0.2702690236944355,-0.1670418596137438,3.3231803393533603,0.004711238490187742,0.4626437400673494,0.46266772741527645,-1.684852828,1.851890218,3.536743046,0.36622289291603716,0.014701781062420628,3.1821668241214973,0.0013256296592805672,0.33170368035123005,0.3317063292319647,-1.223354208,1.394228545,2.6175827529999998,0.26403171877299136,0.08153948184282941,3.076065796306035,0.00048828125,0.02209169145676488,0.02209708691207961,0.0,1.0,1.0,0.00048828125,45.22168161362837,2046.00048814933,6,Pitting_degradation_level_6,V1000_100N_1.txt,32768,36864,8
0.0008940696714479484,0.3491371612810808,0.349138306045024,-1.412120292,1.607259115,3.0193794069999997,0.27885869508855,-0.033202234516907805,3.035116034540817,0.005745611862761327,0.4617293825873477,0.46176512947619897,-2.000917234,2.415391265,4.416308498999999,0.36416311273237273,-0.117471938587066,3.4544284587829925,0.0012105097312165771,0.34339868328375533,0.3434008168522991,-2.338737043,1.297464022,3.636201065,0.26931996877397135,-0.01893269304055359,4.043072378411922,0.00048828125,0.02209169145676488,0.02209708691207961,0.0,1.0,1.0,0.00048828125,45.22168161362837,2046.00048814933,6,Pitting_degradation_level_6,V1000_100N_1.txt,36864,40960,9
0.000222305942409522,0.3642010691846891,0.3642011370317269,-1.261145119,1.570662832,2.831807951,0.2846304720973029,-0.07166070418748072,3.41937341845941,0.003136629770089698,0.4577842914042152,0.45779503700102964,-2.028697942,2.444349122,4.473047064,0.36018512058271535,0.07294760893763474,3.5847137965867177,0.0005502103002232907,0.3396618086814233,0.33966225431759456,-1.806230912,1.279388458,3.08561937,0.26598628628687915,0.03148789235495663,3.723072858013649,0.000244140625,0.015623092534937653,0.015625,0.0,1.0,1.0,0.000244140625,63.97656010312167,4094.000243152051,6,Pitting_degradation_level_6,V1000_100N_1.txt,40960,45056,10
0.0001832661100372069,0.3469109892940284,0.3469110377019281,-1.208545716,1.164133956,2.372679672,0.2756327451251708,-0.10000638538723272,2.9989628262495103,0.0011086923750752208,0.45879014431493603,0.45879148392194724,-1.667666458,1.766664658,3.434331116,0.36172633460772785,-0.06094926449766239,3.2330714997814485,0.0006101679828967054,0.3425007487161786,0.3425012922254605,-1.740074346,1.542207166,3.282281512,0.26743903917902473,0.0703469554103721,3.5182029431292094,0.00048828125,0.02209169145676488,0.02209708691207961,0.0,1.0,1.0,0.00048828125,45.22168161362837,2046.00048814933,6,Pitting_degradation_level_6,V1000_100N_1.txt,45056,49152,11
0.0003770114929206543,0.3808644156826274,0.3808646022813554,-1.636412086,2.00063814,3.637050226,0.29435117797048277,-0.09755874583484801,3.9958333868422877,0.0019025204841581803,0.45516728343034707,0.45517125951618975,-2.053418063,2.442347969,4.495766032000001,0.3552783995500572,0.0027452078883443607,3.900490409005878,0.004717887095539697,0.36369932135458727,0.36372992015014877,-2.110623419,1.785142754,3.895766173,0.2829899086531857,-0.049204326715693976,4.28557093928127,0.00048828125,0.02209169145676488,0.02209708691207961,0.0,1.0,1.0,0.00048828125,45.22168161362837,2046.00048814933,6,Pitting_degradation_level_6,V1000_100N_1.txt,49152,53248,12
0.0012786226049939457,0.3459724923979129,0.34597485511492,-1.313868577,1.264122443,2.57799102,0.2711714222665347,-0.10364406223849143,3.2651822647271747,0.001197122215609595,0.4432552416104441,0.4432568581722479,-1.80280312,1.90156589,3.70436901,0.3487219748396149,0.041163107242933525,3.3825477506501387,0.00408715462822639,0.3329201187202177,0.33294520612503026,-1.269145638,1.284931631,2.554077269,0.26362590116696805,0.13710522521498708,3.2038656608983347,0.00048828125,0.02209169145676488,0.02209708691207961,0.0,1.0,1.0,0.00048828125,45.22168161362837,2046.00048814933,6,Pitting_degradation_level_6,V1000_100N_1.txt,53248,57344,13
0.00044679254099179655,0.35745641609264533,0.3574566953203885,-1.647452998,1.996668374,3.644121372,0.27911298400919454,-0.05486850033373671,3.9195244054902783,0.00010032778126459955,0.4812465228019866,0.48124653325989447,-2.050004332,2.567596583,4.617600915,0.3769366410110195,0.016230923802010255,3.736562708288241,0.0034716028091859867,0.3479102718587854,0.34792759202299367,-2.021812145,1.333856159,3.355668304,0.27356201898691557,-0.08219198902791695,3.661378901938973,0.00048828125,0.02209169145676488,0.02209708691207961,0.0,1.0,1.0,0.00048828125,45.22168161362837,2046.00048814933,6,Pitting_degradation_level_6,V1000_100N_1.txt,57344,61440,14
-0.000282637472106567,0.341522028165205,0.34152214511802265,-1.196264251,1.246630661,2.442894912,0.26734397421025635,-0.15264566785334932,3.251559669920829,-0.0005404940002965078,0.4698142114003112,0.4698145223037073,-1.97878684,2.409623237,4.388410077,0.3669815157743517,-0.03629318264792697,3.690876042566749,0.0008526759238179454,0.342672122224923,0.34267318308610556,-1.889016998,1.341206889,3.230223887,0.27025684434811026,-0.09226569537083117,3.715527423134579,0.00048828125,0.02209169145676488,0.02209708691207961,0.0,1.0,1.0,0.00048828125,45.22168161362837,2046.00048814933,6,Pitting_degradation_level_6,V1000_100N_1.txt,61440,65536,15
-0.001342558279380567,0.3374812657587179,0.33748393621154754,-1.450701458,1.15706281,2.607764268,0.26618295568789174,-0.18049665202804585,3.1508163906514075,-0.0023688104368042493,0.44942126036383884,0.4494275030857668,-1.604924436,1.715223263,3.3201476989999996,0.3586586496521885,0.026174947953760394,3.0237931880351283,-0.0018579526811516112,0.31601601124300016,0.3160214729256564,-1.046213675,1.259143826,2.305357501,0.25334783626565727,0.14717763468127865,2.955054875858283,0.00048828125,0.02209169145676488,0.02209708691207961,0.0,1.0,1.0,0.00048828125,45.22168161362837,2046.00048814933,6,Pitting_degradation_level_6,V1000_100N_1.txt,65536,69632,16
0.0003916703589706554,0.36697247484397083,0.36697268385913806,-1.325033545,1.713078196,3.038111741,0.2905020141989244,0.006826164231539924,3.301624188514885,-0.00021798516159150355,0.4957671550561065,0.4957672029793381,-2.111569205,2.289907222,4.401476427,0.38668553532584676,-0.03614761646975996,3.6314847388439153,-0.0015914969712691393,0.35125436516063197,0.35125797059569785,-1.947461323,1.319275204,3.266736527,0.27760613235325543,-0.16994437614263255,3.704078678302806,0.000244140625,0.015623092534937653,0.015625,0.0,1.0,1.0,0.000244140625,63.97656010312167,4094.000243152051,6,Pitting_degradation_level_6,V1000_100N_1.txt,69632,73728,17
-0.0019839139486781,0.3713478974134164,0.37135319687316676,-1.653903868,1.5090074,3.162911268,0.29039988672889777,-0.054190690332888015,3.54957986730544,-0.0010051458312395265,0.4636052920932378,0.46360638172376184,-1.753598308,2.343820629,4.0974189370000005,0.36617665189678494,0.0522038676061218,3.5751655604763752,-0.0023140782546595944,0.3373414685283125,0.33734940543449476,-1.940351601,1.387841845,3.328193446,0.2645225009470219,-0.022268606135676806,3.759998600516279,0.00048828125,0.02209169145676488,0.02209708691207961,0.0,1.0,1.0,0.00048828125,45.22168161362837,2046.00048814933,6,Pitting_degradation_level_6,V1000_100N_1.txt,73728,77824,18
-0.0006537430174413091,0.34930654918745335,0.3493071609417414,-1.156814699,1.18882094,2.345635639,0.2778705845525826,-0.061956376768395875,2.9473440605959342,-0.001514975336787793,0.4519790826061954,0.4519816215996056,-1.693563728,1.728525042,3.4220887700000002,0.360146696564555,-0.086634424339824,3.160570404428954,-0.0004957541301714864,0.33725312943550456,0.3372534938087355,-1.579683837,1.211424335,2.791108172,0.26808871804064904,0.028469525842053388,3.1570700161140333,0.00048828125,0.02209169145676488,0.02209708691207961,0.0,1.0,1.0,0.00048828125,45.22168161362837,2046.00048814933,6,Pitting_degradation_level_6,V1000_100N_1.txt,77824,81920,19
-6.587399005253934e-05,0.3575806334583554,0.3575806395260533,-2.080033542,1.53307407,3.613107612,0.27313885993890624,-0.11398569113241065,4.505336595301429,0.0038073114342730956,0.5121789769416151,0.5121931276787272,-3.146518321,3.232096895,6.378615216,0.3739409471150368,0.12887539296303624,7.307961698662252,-0.0011081285738954107,0.37784432903117054,0.37784595396795206,-2.642045015,2.232934765,4.87497978,0.281208712685679,-0.22852759845452777,7.141623645490382,0.00048828125,0.02209169145676488,0.02209708691207961,0.0,1.0,1.0,0.00048828125,45.22168161362837,2046.00048814933,8,Pitting_degradation_level_8,V1000_100N_1.txt,0,4096,0
-0.0027563815209800053,0.37603908892114807,0.376049190978702,-1.97235348,1.937494063,3.9098475429999997,0.2904400168667811,-0.15534944037164797,4.424688326252069,0.0019148206802086663,0.5557212507649321,0.5557245496556525,-3.510021727,4.054688292,7.564710019,0.40368530281070625,0.16865289988170457,8.06047967490574,-0.0004756309801200191,0.4159982895512637,0.4159985614571357,-2.585528727,2.202808784,4.788337511,0.3162788081569372,-0.1541626517793936,5.665046327574019,0.00048828125,0.02209169145676488,0.02209708691207961,0.0,1.0,1.0,0.00048828125,45.22168161362837,2046.00048814933,8,Pitting_degradation_level_8,V1000_100N_1.txt,4096,8192,1
-0.0025314711239505377,0.36756915899514536,0.36757787608947556,-2.017633767,2.20433674,4.221970507,0.27938408241204504,-0.17155110027301881,5.023748349156538,0.00035219594721362115,0.5218040232482133,0.5218041421069856,-3.484948542,3.913313063,7.398261605,0.3780957990515906,0.1577000359544022,8.612460853493387,-0.0012792344317876965,0.3854115011481247,0.3854136241208689,-2.416823389,2.137736836,4.554560225,0.2923301270315573,-0.09092429564610739,5.88416469779724,0.00048828125,0.02209169145676488,0.02209708691207961,0.0,1.0,1.0,0.00048828125,45.22168161362837,2046.00048814933,8,Pitting_degradation_level_8,V1000_100N_1.txt,8192,12288,2
-0.001029391285082154,0.3549588350363145,0.35496032766600166,-1.691988897,1.683180977,3.375169874,0.27537218679411535,-0.14478290176649142,3.924929955391573,-0.00048083195734619194,0.4683019509728616,0.4683021978214064,-2.513565417,3.262702891,5.776268308000001,0.35790126254755183,0.04848304024642692,5.7643095784011535,0.00015974986887570851,0.34817161341912034,0.34817165006774164,-1.925891244,2.192566071,4.118457315,0.27347458312364514,-0.006307801878597203,4.146248755190793,0.00048828125,0.02209169145676488,0.02209708691207961,0.0,1.0,1.0,0.00048828125,45.22168161362837,2046.00048814933,8,Pitting_degradation_level_8,V1000_100N_1.txt,12288,16384,3
-0.0017781143858900386,0.36090438285452303,0.36090876306121117,-2.068496267,1.800289011,3.868785278,0.27845366804260185,-0.1351337302402474,4.4984782459442885,0.00013349207200754297,0.5284220682102614,0.5284220850719086,-3.172415582,3.452694587,6.625110169,0.384535457449855,0.03590585892326073,7.42391223509231,9.832125681149932e-05,0.40090207421862184,0.40090208627526863,-2.494186864,2.432127456,4.9263143199999995,0.30041876598808304,-0.13958587768037542,6.4888360109930305,0.000244140625,0.015623092534937653,0.015625,0.0,1.0,1.0,0.000244140625,63.97656010312167,4094.000243152051,8,Pitting_degradation_level_8,V1000_100N_1.txt,16384,20480,4
-0.001397922877047827,0.40472368236385964,0.4047260965820372,-2.130275797,2.230016166,4.360291963,0.3055387398238053,-0.02423359500493311,5.048469488146972,-0.000387487705439452,0.5332815030469992,0.5332816438232133,-3.242338246,3.903660254,7.1459985,0.3907516984963815,0.2654389677701756,7.441207216569443,-0.002181482792005273,0.42105636819359477,0.42106201926028886,-2.5513057,2.023017206,4.574322906,0.3128555428275719,-0.2054530486735242,6.287682201987698,0.00048828125,0.02209169145676488,0.02209708691207961,0.0,1.0,1.0,0.00048828125,45.22168161362837,2046.00048814933,8,Pitting_degradation_level_8,V1000_100N_1.txt,20480,24576,5
0.00010376288392849081,0.3823952766736737,0.3823952907516926,-1.419067363,1.550069665,2.969137028,0.29925366003934806,-0.052776898093231994,3.4701711393078334,0.002733421951593797,0.5329667997144307,0.5329738091064209,-3.375120473,3.887533471,7.262653944,0.38715337713028547,0.10475688192299824,8.189274273345042,-0.0004047288692648189,0.3965182473497563,0.39651845390445595,-2.55407726,2.051215154,4.605292414,0.29921281595760335,-0.1966028090215493,5.661964163565276,0.00048828125,0.02209169145676488,0.02209708691207961,0.0,1.0,1.0,0.00048828125,45.22168161362837,2046.00048814933,8,Pitting_degradation_level_8,V1000_100N_1.txt,24576,28672,6
-0.0012815302227890861,0.3688112463441992,0.36881347284186017,-1.976199238,1.729329492,3.70552873,0.27869911342665854,-0.1356796258798022,4.857481760178932,0.0014146476135212167,0.4928102715238866,0.49281230194397263,-2.62092145,3.599484958,6.2204064080000006,0.361426471852892,0.22851058030571036,7.361587481438203,0.0008349945331624991,0.41691313819164855,0.41691397435523675,-2.44417781,2.754957005,5.199134815,0.31037774258783657,-0.15027648301372823,6.353002335343908,0.00048828125,0.02209169145676488,0.02209708691207961,0.0,1.0,1.0,0.00048828125,45.22168161362837,2046.00048814933,8,Pitting_degradation_level_8,V1000_100N_1.txt,28672,32768,7
-3.346697318144489e-05,0.35389150543047504,0.35389150701293504,-1.755132812,1.893826532,3.648959344,0.26938728093743824,-0.1487950977295753,4.5024709761195165,-2.4025993962647216e-05,0.49944234497712076,0.49944234555501366,-2.420099859,3.286834328,5.706934187,0.37054885709680885,0.11480508975621723,6.181426583514809,-0.0015223603535552488,0.3717376801921211,0.37174079740548494,-2.309936673,2.557571953,4.867508626,0.2834913997697936,-0.11273695736458657,5.700426126170957,0.00048828125,0.02209169145676488,0.02209708691207961,0.0,1.0,1.0,0.00048828125,45.22168161362837,2046.00048814933,8,Pitting_degradation_level_8,V1000_100N_1.txt,32768,36864,8
-0.0019177975057819091,0.3671782884373573,0.36718329679747186,-1.860827854,1.740370414,3.601198268,0.2837921001121245,-0.1513169122194223,4.45084794291106,0.0006150140736604729,0.5470280918862488,0.5470284376108988,-3.813137412,4.011722695,7.824860106999999,0.3966388499203983,0.07741520827468741,8.624836162216265,0.0015162705725713134,0.4082260633243955,0.40822887925008755,-2.614088047,2.544557486,5.158645533,0.30465960965648686,-0.14401075687049483,6.58174306304486,0.00048828125,0.02209169145676488,0.02209708691207961,0.0,1.0,1.0,0.00048828125,45.22168161362837,2046.00048814933,8,Pitting_degradation_level_8,V1000_100N_1.txt,36864,40960,9
-0.002908361384004174,0.3654228426063341,0.3654344160919078,-2.035993941,1.815547761,3.851541702,0.2776227163153918,-0.19668348042326356,4.7971550927672375,0.0011105314463225355,0.47408942593392944,0.4740907266151238,-2.997020379,3.657400641,6.65442102,0.35553446386653637,0.0829960548107451,7.186743494806941,0.001323305472414135,0.3812323202850557,0.38123461695824606,-2.629994662,2.360066121,4.9900607830000006,0.2901122222561154,-0.1423120642980745,5.858037873381948,0.00048828125,0.02209169145676488,0.02209708691207961,0.0,1.0,1.0,0.00048828125,45.22168161362837,2046.00048814933,8,Pitting_degradation_level_8,V1000_100N_1.txt,40960,45056,10
-0.0031149788637868164,0.37523512471315873,0.37524805384148446,-1.771136091,1.646088364,3.417224455,0.29016979710957874,-0.1837745293117618,4.064337541809552,0.0024437620432577137,0.5232725514435455,0.5232782577818058,-2.865179706,3.224092435,6.089272141,0.38215615698527605,0.06424997237514632,6.993694916966938,0.0018680730373951426,0.3884432711879779,0.388447763062281,-2.516962085,2.400194029,4.917156114,0.2962055176396357,-0.09345539296664512,5.999140714184122,0.000244140625,0.015623092534937653,0.015625,0.0,1.0,1.0,0.000244140625,63.97656010312167,4094.000243152051,8,Pitting_degradation_level_8,V1000_100N_1.txt,45056,49152,11
0.0003725290673121832,0.3675245235380802,0.36752471233891043,-1.931043233,1.691244563,3.622287796,0.2844821268531684,-0.14400594745140116,4.077195045635093,0.002715574867143555,0.5289228110178554,0.5289297820712018,-3.465643315,3.616436013,7.082079328,0.39080911896326925,0.02046951464592712,7.031339690962304,0.0006297907903153558,0.416679359245463,0.4166798351944202,-2.754595438,2.639514435,5.394109873,0.30501023586656406,-0.14849633814521884,7.612271760197222,0.00048828125,0.02209169145676488,0.02209708691207961,0.0,1.0,1.0,0.00048828125,45.22168161362837,2046.00048814933,8,Pitting_degradation_level_8,V1000_100N_1.txt,49152,53248,12
0.002309982874796998,0.3636770062592526,0.36368434239402486,-2.191559168,1.782797259,3.974356427,0.2743447939361224,-0.15750496932908797,5.391254456598377,0.0011330631213299818,0.5054465979307406,0.5054478679268483,-2.853996802,3.74862989,6.602626692,0.36985038425961075,0.23426322533997906,7.74466223430625,-0.001171028394440991,0.3983400757536548,0.39834179702728667,-2.464181471,2.537809273,5.001990744,0.2943239110540748,-0.1759465308155711,6.804593663995207,0.00048828125,0.02209169145676488,0.02209708691207961,0.0,1.0,1.0,0.00048828125,45.22168161362837,2046.00048814933,8,Pitting_degradation_level_8,V1000_100N_1.txt,53248,57344,13
0.0021664226961851316,0.3756826396179046,0.37568888604478967,-1.892089883,1.836016849,3.7281067319999996,0.29059929579193067,-0.017881157156877422,4.0241578434023175,0.0011845059230855717,0.5273358954093631,0.5273372257308188,-3.025860551,3.859635046,6.885495597,0.38366118879019484,0.05404563017579643,7.644175081172068,0.0017905223888358384,0.40028396258243865,0.4002879671825324,-2.651685376,2.144002895,4.7956882709999995,0.2998095097434949,-0.1979726935375632,6.188737935508979,0.00048828125,0.02209169145676488,0.02209708691207961,0.0,1.0,1.0,0.00048828125,45.22168161362837,2046.00048814933,8,Pitting_degradation_level_8,V1000_100N_1.txt,57344,61440,14
-0.0008932516874433597,0.3737211618025596,0.37372222930624827,-2.053485693,1.950147742,4.003633434999999,0.2830283246579175,-0.21395313189887027,5.19825387107181,0.0011526053843709959,0.5116717239106863,0.5116730221038682,-3.468939234,4.138619295,7.607558529,0.37354196399737005,0.2635888553022272,8.40059585630256,0.0008693274717209724,0.40075159628893764,0.4007525391789611,-2.531061059,2.648672642,5.179733701,0.2983359274809907,-0.08042077479998655,6.786397904602892,0.00048828125,0.02209169145676488,0.02209708691207961,0.0,1.0,1.0,0.00048828125,45.22168161362837,2046.00048814933,8,Pitting_degradation_level_8,V1000_100N_1.txt,61440,65536,15
-0.0005377744765354243,0.3399349661568947,0.3399353915341513,-1.686654471,1.545727749,3.23238222,0.2615527532279923,-0.15318306644273386,4.245521464066333,0.0037434821120793937,0.47769776688178245,0.47771243456933926,-2.724275156,3.468350691,6.192625847,0.3503516762852378,0.058362736701560926,7.456173388232704,0.0030104166821675778,0.3474106289518523,0.3474236717860801,-2.55841548,2.325963681,4.884379161,0.2648162583309487,-0.01970985389601604,6.300962683345668,0.00048828125,0.02209169145676488,0.02209708691207961,0.0,1.0,1.0,0.00048828125,45.22168161362837,2046.00048814933,8,Pitting_degradation_level_8,V1000_100N_1.txt,65536,69632,16
0.0027993895005328606,0.3519345008892534,0.3519456342927748,-1.565700582,1.760715414,3.326415996,0.27498272729009576,-0.020183985320118596,3.6619636353784433,0.004325762566428833,0.5435086753467278,0.5435258893548087,-3.285186563,3.733797668,7.018984230999999,0.39480745873724005,0.10638714420859331,7.836863710437207,0.006585930829563087,0.3869082780902844,0.3869643267016749,-2.665302196,2.715431837,5.3807340329999995,0.29103412336192364,-0.06042625125948775,6.729969009544686,0.00048828125,0.02209169145676488,0.02209708691207961,0.0,1.0,1.0,0.00048828125,45.22168161362837,2046.00048814933,8,Pitting_degradation_level_8,V1000_100N_1.txt,69632,73728,17
0.003117946841788306,0.3733761420476952,0.37338916031793007,-1.905611789,1.796319165,3.701930954,0.28337559439207416,-0.15275845362098495,4.7550985098555705,0.002442439677211131,0.5299150377195616,0.5299206664331003,-3.356992331,3.941093623,7.298085953999999,0.3876993893089953,0.20288305584732488,7.735424775882512,0.006466338887840332,0.4072742265253769,0.4073255566871006,-2.406339696,2.411762229,4.818101925,0.3010879794108786,-0.09880007211830638,6.383749439537954,0.000244140625,0.015623092534937653,0.015625,0.0,1.0,1.0,0.000244140625,63.97656010312167,4094.000243152051,8,Pitting_degradation_level_8,V1000_100N_1.txt,73728,77824,18
-0.0010602843536553954,0.35795310179941353,0.357954672117479,-1.518063399,1.483576052,3.001639451,0.2754177384540523,-0.0038074551641169505,4.000421507794791,0.0026330367030754876,0.5110716603300369,0.5110784429760078,-2.662121612,3.008556487,5.670678099,0.37958459340416406,0.07990575614499097,6.1799749867940355,0.0022834520367202146,0.36627954076326485,0.36628665841790115,-2.396699335,2.083630541,4.480329876,0.2779841775821477,-0.11224893810672668,5.671648438294467,0.00048828125,0.02209169145676488,0.02209708691207961,0.0,1.0,1.0,0.00048828125,45.22168161362837,2046.00048814933,8,Pitting_degradation_level_8,V1000_100N_1.txt,77824,81920,19
